{"player0":{"player_lst":[],"trustworthiness":0.7845942758097855,"trusting":0.21921696484775066,"expansionist":0.7481725585202315,"likelihood_of_alliance":0.6056127681505721,"isolationist":0.4685383231617264,"player_id":0,"player_opinions":{"1":{"player_id":1,"score":1},"2":{"player_id":2,"score":0.037037037037037035},"3":{"player_id":3,"score":1},"4":{"player_id":4,"score":32}}},"player1":{"player_lst":[],"trustworthiness":0.37449934353911907,"trusting":0.6191026640653436,"expansionist":0.11575554125184473,"likelihood_of_alliance":0.8580550367307465,"isolationist":0.6428940755423509,"player_id":1,"player_opinions":{"0":{"player_id":0,"score":4},"2":{"player_id":2,"score":1},"3":{"player_id":3,"score":0.3333333333333333},"4":{"player_id":4,"score":16}}},"player2":{"player_lst":[],"trustworthiness":0.07516901754515781,"trusting":0.3527517234456785,"expansionist":0.4676846558170653,"likelihood_of_alliance":0.5085434540382046,"isolationist":0.5508221949405454,"player_id":2,"player_opinions":{"0":{"player_id":0,"score":1},"1":{"player_id":1,"score":1},"3":{"player_id":3,"score":1},"4":{"player_id":4,"score":0.04938271604938271}}},"player3":{"player_lst":[],"trustworthiness":0.06993390563455737,"trusting":0.033614823826010554,"expansionist":0.5654587194951597,"likelihood_of_alliance":0.15497466920211367,"isolationist":0.3752931167816944,"player_id":3,"player_opinions":{"0":{"player_id":0,"score":1},"1":{"player_id":1,"score":2},"2":{"player_id":2,"score":1},"4":{"player_id":4,"score":0.04938271604938271}}},"player4":{"player_lst":[],"trustworthiness":0.8572887912309437,"trusting":0.11319895443503714,"expansionist":0.4707917864587954,"likelihood_of_alliance":0.7768077415598307,"isolationist":0.873448655829832,"player_id":4,"player_opinions":{"0":{"player_id":0,"score":8},"1":{"player_id":1,"score":2},"2":{"player_id":2,"score":0.2222222222222222},"3":{"player_id":3,"score":0.024691358024691357}}},"event0":"Player 5 rejected Player 1 alliance request","event1":"Player 5 accepted Player 2 alliance request","event2":"Player 5 accepted Player 3 alliance request","event3":"Player 5 accepted Player 4 alliance request","event4":"Player 1 accepted Player 5 alliance request","event5":"Player 4 rejected Player 1 alliance request","event6":"Player 4 accepted Player 2 alliance request","event7":"Player 4 rejected Player 3 alliance request","event8":"Player 3 rejected Player 4 alliance request","event9":"Support was not given by Player 3 to Player 5 for Player 5 to resist invasion by 1","event10":"Support was not given by Player 3 to Player 5 for Player 5 to resist invasion by 1","event11":"Player 5 owns a bordering province, so gave themselves support","event12":"Player 5 owns a bordering province, so gave themselves support","event13":"Player 1 owns a bordering province, so gave themselves support","event14":"Player 1 owns a bordering province, so gave themselves support","event15":"Support was not given by Player 3 to Player 5 for Player 5 to resist invasion by 1","event16":"Player 1 owns a bordering province, so gave themselves support","event17":"1 successfully moved to this province","event18":"Support was given by Player 5 to Player 2 for Player 2 to move to Perseus","event19":"Player 2 owns a bordering province, so gave themselves support","event20":"Player 2 owns a bordering province, so gave themselves support","event21":"Player 4 owns a bordering province, so gave themselves support","event22":"Player 2 owns a bordering province, so gave themselves support","event23":"2 successfully moved to this province","event24":"Player 2 owns a bordering province, so gave themselves support","event25":"Support was given by Player 5 to Player 2 for Player 2 to move to Cepheus","event26":"Player 4 owns a bordering province, so gave themselves support","event27":"Player 2 owns a bordering province, so gave themselves support","event28":"2 successfully moved to this province","event29":"Player 3 owns a bordering province, so gave themselves support","event30":"Player 3 owns a bordering province, so gave themselves support","event31":"Support was given by Player 5 to Player 3 for Player 3 to move to Canis Major","event32":"Support was given by Player 5 to Player 3 for Player 3 to move to Canis Major","event33":"Player 1 owns a bordering province, so gave themselves support","event34":"Player 1 owns a bordering province, so gave themselves support","event35":"Player 3 owns a bordering province, so gave themselves support","event36":"Player 1 owns a bordering province, so gave themselves support","event37":"3 successfully moved to this province","event38":"Support was given by Player 5 to Player 4 for Player 4 to move to Ursa Major","event39":"Player 2 owns a bordering province, so gave themselves support","event40":"Player 2 owns a bordering province, so gave themselves support","event41":"Player 4 owns a bordering province, so gave themselves support","event42":"Player 2 owns a bordering province, so gave themselves support","event43":"Support was given by Player 5 to Player 4 for Player 4 to move to Ursa Major","event44":"Player 2 owns a bordering province, so gave themselves support","event45":"4 cannot move to this province, does not have enough support","event46":"Support was not given by Player 3 to Player 5 for Player 5 to move to Perseus","event47":"Support was not given by Player 3 to Player 5 for Player 5 to move to Perseus","event48":"Player 5 owns a bordering province, so gave themselves support","event49":"Support was given by Player 1 to Player 5 for Player 5 to move to Perseus","event50":"Player 2 owns a bordering province, so gave themselves support","event51":"Player 2 owns a bordering province, so gave themselves support","event52":"Support was not given by Player 4 to Player 5 for Player 5 to move to Perseus","event53":"Support was not given by Player 4 to Player 2 for Player 2 to resist invasion by 5","event54":"Player 2 owns a bordering province, so gave themselves support","event55":"5 cannot move to this province, does not have enough support","event56":"Player 3 owns a bordering province, so gave themselves support","event57":"Player 3 owns a bordering province, so gave themselves support","event58":"Support was given by Player 5 to Player 1 for Player 1 to move to Canis Major","event59":"Support was given by Player 5 to Player 1 for Player 1 to move to Canis Major","event60":"Player 1 owns a bordering province, so gave themselves support","event61":"Player 1 owns a bordering province, so gave themselves support","event62":"Player 3 owns a bordering province, so gave themselves support","event63":"Player 1 owns a bordering province, so gave themselves support","event64":"1 successfully moved to this province","event65":"Support was not given by Player 4 to Player 2 for Player 2 to move to Ursa Minor","event66":"Support was given by Player 5 to Player 2 for Player 2 to move to Ursa Minor","event67":"Player 2 owns a bordering province, so gave themselves support","event68":"Player 1 owns a bordering province, so gave themselves support","event69":"Support was given by Player 5 to Player 2 for Player 2 to move to Ursa Minor","event70":"Player 1 owns a bordering province, so gave themselves support","event71":"Player 2 owns a bordering province, so gave themselves support","event72":"Player 1 owns a bordering province, so gave themselves support","event73":"2 successfully moved to this province","event74":"Player 3 owns a bordering province, so gave themselves support","event75":"Player 3 owns a bordering province, so gave themselves support","event76":"Support was not given by Player 5 to Player 3 for Player 3 to move to Canis Major","event77":"Support was not given by Player 5 to Player 1 for Player 1 to resist invasion by 3","event78":"Support was not given by Player 5 to Player 3 for Player 3 to move to Canis Major","event79":"Support was not given by Player 5 to Player 1 for Player 1 to resist invasion by 3",