{"player0":{"player_lst":[],"trustworthiness":0.8376946285861646,"trusting":0.10081836190687632,"expansionist":0.11575470218374062,"likelihood_of_alliance":0.7929501303368012,"isolationist":0.1448289092208217,"player_id":0,"player_opinions":{"1":{"player_id":1,"score":1},"2":{"player_id":2,"score":4},"3":{"player_id":3,"score":1},"4":{"player_id":4,"score":2}}},"player1":{"player_lst":[],"trustworthiness":0.11791599138047859,"trusting":0.9663880760808539,"expansionist":0.2649321158394906,"likelihood_of_alliance":0.15807576326255446,"isolationist":0.7090709051711743,"player_id":1,"player_opinions":{"0":{"player_id":0,"score":1},"2":{"player_id":2,"score":4},"3":{"player_id":3,"score":1},"4":{"player_id":4,"score":2}}},"player2":{"player_lst":[],"trustworthiness":0.5865565593609308,"trusting":0.08130755624320463,"expansionist":0.09140355401626832,"likelihood_of_alliance":0.7322317030141499,"isolationist":0.2177631387798249,"player_id":2,"player_opinions":{"0":{"player_id":0,"score":1},"1":{"player_id":1,"score":1},"3":{"player_id":3,"score":0.04938271604938271},"4":{"player_id":4,"score":32}}},"player3":{"player_lst":[],"trustworthiness":0.3412768671141151,"trusting":0.36223307081995837,"expansionist":0.02898324120509832,"likelihood_of_alliance":0.9000707556171572,"isolationist":0.5230306856781017,"player_id":3,"player_opinions":{"0":{"player_id":0,"score":1},"1":{"player_id":1,"score":1},"2":{"player_id":2,"score":0.0013717421124828531},"4":{"player_id":4,"score":0.00030483158055174517}}},"player4":{"player_lst":[],"trustworthiness":0.295640248866178,"trusting":0.09803841604149,"expansionist":0.7988955519146941,"likelihood_of_alliance":0.4480657163829074,"isolationist":0.4692489831084641,"player_id":4,"player_opinions":{"0":{"player_id":0,"score":1},"1":{"player_id":1,"score":1},"2":{"player_id":2,"score":2},"3":{"player_id":3,"score":0.00001693508780843029}}},"event0":"Player 5 rejected Player 1 alliance request","event1":"Player 5 rejected Player 2 alliance request","event2":"Player 5 rejected Player 3 alliance request","event3":"Player 5 rejected Player 4 alliance request","event4":"Player 4 accepted Player 5 alliance request","event5":"Player 5 rejected Player 1 alliance request","event6":"Player 5 rejected Player 2 alliance request","event7":"Player 5 accepted Player 3 alliance request","event8":"Player 3 accepted Player 4 alliance request","event9":"Player 2 rejected Player 5 alliance request","event10":"Player 1 owns a bordering province, so gave themselves support","event11":"Player 1 owns a bordering province, so gave themselves support","event12":"Player 2 owns a bordering province, so gave themselves support","event13":"1 successfully moved to this province","event14":"Player 2 owns a bordering province, so gave themselves support","event15":"Player 2 owns a bordering province, so gave themselves support","event16":"Player 1 owns a bordering province, so gave themselves support","event17":"2 successfully moved to this province","event18":"Player 3 owns a bordering province, so gave themselves support","event19":"Support was given by Player 5 to Player 3 for Player 3 to move to Aquila","event20":"Player 4 owns a bordering province, so gave themselves support","event21":"Support was given by Player 5 to Player 3 for Player 3 to move to Aquila","event22":"Player 4 owns a bordering province, so gave themselves support","event23":"Player 3 owns a bordering province, so gave themselves support","event24":"3 successfully moved to this province","event25":"Support was not given by Player 5 to Player 4 for Player 4 to move to Ursa Major","event26":"Support was not given by Player 5 to Player 3 for Player 3 to resist invasion by 4","event27":"Support was not given by Player 5 to Player 4 for Player 4 to move to Ursa Major","event28":"Support was not given by Player 5 to Player 3 for Player 3 to resist invasion by 4","event29":"Player 3 owns a bordering province, so gave themselves support","event30":"Player 4 owns a bordering province, so gave themselves support","event31":"Player 3 owns a bordering province, so gave themselves support","event32":"Player 3 owns a bordering province, so gave themselves support","event33":"4 cannot move to this province, does not have enough support","event34":"Player 5 owns a bordering province, so gave themselves support","event35":"Player 5 owns a bordering province, so gave themselves support","event36":"Player 3 owns a bordering province, so gave themselves support","event37":"Support was not given by Player 4 to Player 5 for Player 5 to move to Ursa Major","event38":"Support was not given by Player 4 to Player 3 for Player 3 to resist invasion by 5","event39":"Player 3 owns a bordering province, so gave themselves support","event40":"Player 3 owns a bordering province, so gave themselves support","event41":"5 cannot move to this province, does not have enough support","event42":"Player 1 owns a bordering province, so gave themselves support","event43":"Player 1 owns a bordering province, so gave themselves support","event44":"Player 1 owns a bordering province, so gave themselves support","event45":"Support was given by Player 3 to Player 4 for Player 4 to resist invasion by 1","event46":"Support was given by Player 3 to Player 4 for Player 4 to resist invasion by 1","event47":"Support was given by Player 5 to Player 4 for Player 4 to resist invasion by 1","event48":"1 cannot move to this province, does not have enough support","event49":"Player 2 owns a bordering province, so gave themselves support","event50":"Support was given by Player 3 to Player 4 for Player 4 to resist invasion by 2","event51":"Player 2 owns a bordering province, so gave themselves support","event52":"Support was given by Player 3 to Player 4 for Player 4 to resist invasion by 2","event53":"Support was given by Player 5 to Player 4 for Player 4 to resist invasion by 2","event54":"2 cannot move to this province, does not have enough support","event55":"Player 5 owns a bordering province, so gave themselves support","event56":"Support was given by Player 4 to Player 3 for Player 3 to move to Perseus","event57":"Player 3 owns a bordering province, so gave themselves support","event58":"Player 5 owns a bordering province, so gave themselves support","event59":"Player 3 owns a bordering province, so gave themselves support","event60":"3 successfully moved to this province","event61":"Support was not given by Player 5 to Player 4 for Player 4 to move to Perseus","event62":"Support was not given by Player 5 to Player 3 for Player 3 to resist invasion by 4","event63":"Player 4 owns a bordering province, so gave themselves support","event64":"Player 3 owns a bordering province, so gave themselves support","event65":"Support was not given by Player 5 to Player 4 for Player 4 to move to Perseus","event66":"Support was not given by Player 5 to Player 3 for Player 3 to resist invasion by 4","event67":"Player 3 owns a bordering province, so gave themselves support","event68":"4 cannot move to this province, does not have enough support","event69":"Player 5 owns a bordering province, so gave themselves support","event70":"Player 3 owns a bordering province, so gave themselves support","event71":"Player 3 owns a bordering province, so gave themselves support","event72":"Support was not given by Player 4 to Player 5 for Player 5 to move to Ursa Major","event73":"Support was not given by Player 4 to Player 3 for Player 3 to resist invasion by 5","event74":"Player 3 owns a bordering province, so gave themselves support","event75":"Player 3 owns a bordering province, so gave themselves support","event76":"5 cannot move to this province, does not have enough support","event77":"Player 2 owns a bordering province, so gave themselves support","event78":"Player 2 owns a bordering province, so gave themselves support","event79":"Player 1 owns a bordering province, so gave themselves support",