{"player0":{"player_lst":[],"trustworthiness":0.27518129748144005,"trusting":0.5343598605801152,"expansionist":0.9147504738447758,"likelihood_of_alliance":0.9580881109644315,"isolationist":0.2379162476869301,"player_id":0,"player_opinions":{"1":{"player_id":1,"score":0.004115226337448559},"2":{"player_id":2,"score":8},"3":{"player_id":3,"score":1},"4":{"player_id":4,"score":16}}},"player1":{"player_lst":[],"trustworthiness":0.3703108532046242,"trusting":0.5364839287119176,"expansionist":0.7652541494397422,"likelihood_of_alliance":0.690036055673136,"isolationist":0.2984642084513649,"player_id":1,"player_opinions":{"0":{"player_id":0,"score":0.037037037037037035},"2":{"player_id":2,"score":0.4444444444444444},"3":{"player_id":3,"score":1},"4":{"player_id":4,"score":16}}},"player2":{"player_lst":[],"trustworthiness":0.5133576987518822,"trusting":0.3028307568847035,"expansionist":0.9476971907735594,"likelihood_of_alliance":0.6960421862124009,"isolationist":0.5378460628053112,"player_id":2,"player_opinions":{"0":{"player_id":0,"score":1},"1":{"player_id":1,"score":0.1111111111111111},"3":{"player_id":3,"score":16},"4":{"player_id":4,"score":32}}},"player3":{"player_lst":[],"trustworthiness":0.3795843546758477,"trusting":0.8150494360513036,"expansionist":0.5659291899855847,"likelihood_of_alliance":0.5583728322345511,"isolationist":0.2545465674352292,"player_id":3,"player_opinions":{"0":{"player_id":0,"score":0.3333333333333333},"1":{"player_id":1,"score":1.3333333333333333},"2":{"player_id":2,"score":512},"4":{"player_id":4,"score":2}}},"player4":{"player_lst":[],"trustworthiness":0.8176088475570742,"trusting":0.07313257589657596,"expansionist":0.8750639129181117,"likelihood_of_alliance":0.9019541835202747,"isolationist":0.6563680986400191,"player_id":4,"player_opinions":{"0":{"player_id":0,"score":4},"1":{"player_id":1,"score":64},"2":{"player_id":2,"score":1024},"3":{"player_id":3,"score":0.2222222222222222}}},"event0":"Player 5 accepted Player 1 alliance request","event1":"Player 5 accepted Player 2 alliance request","event2":"Player 5 accepted Player 3 alliance request","event3":"Player 5 accepted Player 4 alliance request","event4":"Player 4 rejected Player 1 alliance request","event5":"Player 4 rejected Player 2 alliance request","event6":"Player 4 rejected Player 3 alliance request","event7":"Player 3 accepted Player 4 alliance request","event8":"Player 1 owns a bordering province, so gave themselves support","event9":"Player 1 owns a bordering province, so gave themselves support","event10":"Player 2 owns a bordering province, so gave themselves support","event11":"Support was given by Player 5 to Player 1 for Player 1 to move to Cassiopeia","event12":"Player 1 owns a bordering province, so gave themselves support","event13":"Support was given by Player 5 to Player 1 for Player 1 to move to Cassiopeia","event14":"Player 2 owns a bordering province, so gave themselves support","event15":"Support was given by Player 5 to Player 1 for Player 1 to move to Cassiopeia","event16":"1 successfully moved to this province","event17":"Player 1 owns a bordering province, so gave themselves support","event18":"Player 1 owns a bordering province, so gave themselves support","event19":"Player 2 owns a bordering province, so gave themselves support","event20":"Support was given by Player 5 to Player 2 for Player 2 to move to Cassiopeia","event21":"Player 1 owns a bordering province, so gave themselves support","event22":"Support was given by Player 5 to Player 2 for Player 2 to move to Cassiopeia","event23":"Player 2 owns a bordering province, so gave themselves support","event24":"Support was given by Player 5 to Player 2 for Player 2 to move to Cassiopeia","event25":"2 successfully moved to this province","event26":"Support was given by Player 5 to Player 3 for Player 3 to move to Aquila","event27":"Support was given by Player 5 to Player 3 for Player 3 to move to Aquila","event28":"Player 4 owns a bordering province, so gave themselves support","event29":"Player 4 owns a bordering province, so gave themselves support","event30":"Player 3 owns a bordering province, so gave themselves support","event31":"3 successfully moved to this province","event32":"Support was given by Player 3 to Player 4 for Player 4 to move to Ursa Major","event33":"Support was given by Player 3 to Player 4 for Player 4 to move to Ursa Major","event34":"Support was given by Player 3 to Player 4 for Player 4 to move to Ursa Major","event35":"Support was not given by Player 1 to Player 5 for Player 5 to resist invasion by 4","event36":"Player 4 owns a bordering province, so gave themselves support","event37":"Player 5 owns a bordering province, so gave themselves support","event38":"Support was not given by Player 2 to Player 5 for Player 5 to resist invasion by 4","event39":"Support was given by Player 3 to Player 4 for Player 4 to move to Ursa Major","event40":"Player 5 owns a bordering province, so gave themselves support","event41":"4 successfully moved to this province","event42":"Support was given by Player 3 to Player 5 for Player 5 to move to Ursa Major","event43":"Support was given by Player 3 to Player 5 for Player 5 to move to Ursa Major","event44":"Support was given by Player 3 to Player 5 for Player 5 to move to Ursa Major","event45":"Support was given by Player 1 to Player 5 for Player 5 to move to Ursa Major","event46":"Player 4 owns a bordering province, so gave themselves support","event47":"Player 5 owns a bordering province, so gave themselves support","event48":"Support was given by Player 2 to Player 5 for Player 5 to move to Ursa Major","event49":"Support was given by Player 3 to Player 5 for Player 5 to move to Ursa Major","event50":"Player 5 owns a bordering province, so gave themselves support","event51":"5 successfully moved to this province","event52":"Support was given by Player 3 to Player 5 for Player 5 to resist invasion by 1","event53":"Player 1 owns a bordering province, so gave themselves support","event54":"Player 5 owns a bordering province, so gave themselves support","event55":"Support was not given by Player 2 to Player 5 for Player 5 to resist invasion by 1","event56":"Player 1 owns a bordering province, so gave themselves support","event57":"Support was not given by Player 2 to Player 5 for Player 5 to resist invasion by 1","event58":"Player 1 owns a bordering province, so gave themselves support","event59":"Player 5 owns a bordering province, so gave themselves support","event60":"1 cannot move to this province, does not have enough support","event61":"Player 5 owns a bordering province, so gave themselves support","event62":"Player 2 owns a bordering province, so gave themselves support","event63":"Support was not given by Player 1 to Player 5 for Player 5 to resist invasion by 2","event64":"Player 2 owns a bordering province, so gave themselves support","event65":"Player 2 owns a bordering province, so gave themselves support","event66":"Support was not given by Player 3 to Player 5 for Player 5 to resist invasion by 2","event67":"Support was not given by Player 3 to Player 5 for Player 5 to resist invasion by 2","event68":"Player 5 owns a bordering province, so gave themselves support","event69":"2 successfully moved to this province","event70":"Support was given by Player 5 to Player 3 for Player 3 to move to Andromeda","event71":"Player 3 owns a bordering province, so gave themselves support","event72":"Support was given by Player 4 to Player 3 for Player 3 to move to Andromeda","event73":"Player 3 owns a bordering province, so gave themselves support","event74":"Support was given by Player 5 to Player 3 for Player 3 to move to Andromeda","event75":"Player 3 owns a bordering province, so gave themselves support","event76":"Player 1 owns a bordering province, so gave themselves support","event77":"3 successfully moved to this province","event78":"Support was given by Player 3 to Player 4 for Player 4 to move to Ursa Major",