{"player0":{"player_lst":[],"trustworthiness":0.11903541861395683,"trusting":0.24016040517738602,"expansionist":0.47488812849116724,"likelihood_of_alliance":0.1623973164162107,"isolationist":0.8522304939896617,"player_id":0,"player_opinions":{"1":{"player_id":1,"score":1},"2":{"player_id":2,"score":1},"3":{"player_id":3,"score":0.012345679012345678},"4":{"player_id":4,"score":0.1111111111111111}}},"player1":{"player_lst":[],"trustworthiness":0.3323621066928599,"trusting":0.6745442121300567,"expansionist":0.6499879806626963,"likelihood_of_alliance":0.7327553859771525,"isolationist":0.3409040322098178,"player_id":1,"player_opinions":{"0":{"player_id":0,"score":32},"2":{"player_id":2,"score":1},"3":{"player_id":3,"score":0.1111111111111111},"4":{"player_id":4,"score":0.3333333333333333}}},"player2":{"player_lst":[],"trustworthiness":0.8272441919372677,"trusting":0.34478317049943374,"expansionist":0.8618220496680971,"likelihood_of_alliance":0.17604180143594306,"isolationist":0.7588814738978391,"player_id":2,"player_opinions":{"0":{"player_id":0,"score":32},"1":{"player_id":1,"score":1},"3":{"player_id":3,"score":0.1111111111111111},"4":{"player_id":4,"score":0.3333333333333333}}},"player3":{"player_lst":[],"trustworthiness":0.12063991357930548,"trusting":0.052281238965267374,"expansionist":0.877192252809766,"likelihood_of_alliance":0.4480670240465492,"isolationist":0.9503514028353741,"player_id":3,"player_opinions":{"0":{"player_id":0,"score":0.3333333333333333},"1":{"player_id":1,"score":1},"2":{"player_id":2,"score":1},"4":{"player_id":4,"score":0.6666666666666666}}},"player4":{"player_lst":[],"trustworthiness":0.10479350163450385,"trusting":0.8220837395308911,"expansionist":0.38904388772731435,"likelihood_of_alliance":0.20888287042445164,"isolationist":0.359404211341777,"player_id":4,"player_opinions":{"0":{"player_id":0,"score":2},"1":{"player_id":1,"score":1},"2":{"player_id":2,"score":1},"3":{"player_id":3,"score":0.037037037037037035}}},"event0":"Player 5 accepted Player 1 alliance request","event1":"Player 5 rejected Player 2 alliance request","event2":"Player 5 rejected Player 3 alliance request","event3":"Player 5 rejected Player 4 alliance request","event4":"Player 4 rejected Player 5 alliance request","event5":"Player 4 rejected Player 1 alliance request","event6":"Player 5 rejected Player 2 alliance request","event7":"Player 5 rejected Player 3 alliance request","event8":"Player 5 rejected Player 4 alliance request","event9":"Player 4 accepted Player 5 alliance request","event10":"Player 1 owns a bordering province, so gave themselves support","event11":"Player 5 owns a bordering province, so gave themselves support","event12":"Player 1 owns a bordering province, so gave themselves support","event13":"Player 1 owns a bordering province, so gave themselves support","event14":"Player 5 owns a bordering province, so gave themselves support","event15":"Support was not given by Player 4 to Player 5 for Player 5 to resist invasion by 1","event16":"1 successfully moved to this province","event17":"Player 2 owns a bordering province, so gave themselves support","event18":"Support was not given by Player 5 to Player 4 for Player 4 to resist invasion by 2","event19":"Player 4 owns a bordering province, so gave themselves support","event20":"2 cannot move to this province, does not have enough support","event21":"Player 3 owns a bordering province, so gave themselves support","event22":"Support was not given by Player 5 to Player 4 for Player 4 to resist invasion by 3","event23":"Player 4 owns a bordering province, so gave themselves support","event24":"3 cannot move to this province, does not have enough support","event25":"Support was not given by Player 1 to Player 5 for Player 5 to resist invasion by 4","event26":"Player 4 owns a bordering province, so gave themselves support","event27":"Player 5 owns a bordering province, so gave themselves support","event28":"Player 4 owns a bordering province, so gave themselves support","event29":"Player 4 owns a bordering province, so gave themselves support","event30":"4 successfully moved to this province","event31":"Player 1 owns a bordering province, so gave themselves support","event32":"Support was not given by Player 4 to Player 5 for Player 5 to move to Cassiopeia","event33":"Player 1 owns a bordering province, so gave themselves support","event34":"Player 1 owns a bordering province, so gave themselves support","event35":"Player 5 owns a bordering province, so gave themselves support","event36":"Support was not given by Player 4 to Player 5 for Player 5 to move to Cassiopeia","event37":"5 cannot move to this province, does not have enough support","event38":"Player 1 owns a bordering province, so gave themselves support","event39":"Player 1 owns a bordering province, so gave themselves support","event40":"Support was not given by Player 5 to Player 1 for Player 1 to move to Andromeda","event41":"Support was not given by Player 5 to Player 4 for Player 4 to resist invasion by 1","event42":"Player 1 owns a bordering province, so gave themselves support","event43":"Player 4 owns a bordering province, so gave themselves support","event44":"Player 4 owns a bordering province, so gave themselves support","event45":"1 successfully moved to this province","event46":"Support was given by Player 1 to Player 5 for Player 5 to resist invasion by 2","event47":"Player 2 owns a bordering province, so gave themselves support","event48":"Support was given by Player 1 to Player 5 for Player 5 to resist invasion by 2","event49":"Support was not given by Player 4 to Player 5 for Player 5 to resist invasion by 2","event50":"Player 2 owns a bordering province, so gave themselves support","event51":"Support was given by Player 1 to Player 5 for Player 5 to resist invasion by 2","event52":"Support was given by Player 1 to Player 5 for Player 5 to resist invasion by 2","event53":"Support was not given by Player 4 to Player 5 for Player 5 to resist invasion by 2","event54":"Support was given by Player 1 to Player 5 for Player 5 to resist invasion by 2","event55":"2 cannot move to this province, does not have enough support","event56":"Support was given by Player 1 to Player 5 for Player 5 to resist invasion by 3","event57":"Support was given by Player 1 to Player 5 for Player 5 to resist invasion by 3","event58":"Support was not given by Player 4 to Player 5 for Player 5 to resist invasion by 3","event59":"Player 3 owns a bordering province, so gave themselves support","event60":"Support was given by Player 1 to Player 5 for Player 5 to resist invasion by 3","event61":"Support was given by Player 1 to Player 5 for Player 5 to resist invasion by 3","event62":"Support was not given by Player 4 to Player 5 for Player 5 to resist invasion by 3","event63":"Support was given by Player 1 to Player 5 for Player 5 to resist invasion by 3","event64":"3 cannot move to this province, does not have enough support","event65":"Support was not given by Player 5 to Player 4 for Player 4 to move to Cygnus","event66":"Player 4 owns a bordering province, so gave themselves support","event67":"Player 4 owns a bordering province, so gave themselves support","event68":"Player 4 owns a bordering province, so gave themselves support","event69":"Player 2 owns a bordering province, so gave themselves support","event70":"Player 2 owns a bordering province, so gave themselves support","event71":"4 successfully moved to this province","event72":"Player 1 owns a bordering province, so gave themselves support","event73":"Support was not given by Player 4 to Player 5 for Player 5 to move to Cassiopeia","event74":"Player 1 owns a bordering province, so gave themselves support","event75":"Player 1 owns a bordering province, so gave themselves support","event76":"Player 5 owns a bordering province, so gave themselves support","event77":"Player 1 owns a bordering province, so gave themselves support",