{"player0":{"player_lst":[],"trustworthiness":0.5501345159835254,"trusting":0.09884429307204412,"expansionist":0.1570588041450529,"likelihood_of_alliance":0.04857435687082812,"isolationist":0.4496725011994265,"player_id":0,"player_opinions":{"1":{"player_id":1,"score":64},"2":{"player_id":2,"score":0.3333333333333333},"3":{"player_id":3,"score":1},"4":{"player_id":4,"score":2097152}}},"player1":{"player_lst":[],"trustworthiness":0.7755953264889119,"trusting":0.09596051695128849,"expansionist":0.21276174877555465,"likelihood_of_alliance":0.8819498788219802,"isolationist":0.44520481223367536,"player_id":1,"player_opinions":{"0":{"player_id":0,"score":4},"2":{"player_id":2,"score":1},"3":{"player_id":3,"score":0.0054869684499314125},"4":{"player_id":4,"score":262144}}},"player2":{"player_lst":[],"trustworthiness":0.020125816156408183,"trusting":0.5625873677700337,"expansionist":0.9975601929529496,"likelihood_of_alliance":0.18631604353137776,"isolationist":0.951694028190349,"player_id":2,"player_opinions":{"0":{"player_id":0,"score":0.3333333333333333},"1":{"player_id":1,"score":32},"3":{"player_id":3,"score":0.037037037037037035},"4":{"player_id":4,"score":8}}},"player3":{"player_lst":[],"trustworthiness":0.4022385752344171,"trusting":0.9889286050766182,"expansionist":0.480633482733436,"likelihood_of_alliance":0.7310570762609414,"isolationist":0.3805017030184299,"player_id":3,"player_opinions":{"0":{"player_id":0,"score":0.2962962962962963},"1":{"player_id":1,"score":0.6666666666666666},"2":{"player_id":2,"score":1},"4":{"player_id":4,"score":16384}}},"player4":{"player_lst":[],"trustworthiness":0.5103528913606445,"trusting":0.6225468500374005,"expansionist":0.7124693000754103,"likelihood_of_alliance":0.8246091576926979,"isolationist":0.5724229775215388,"player_id":4,"player_opinions":{"0":{"player_id":0,"score":16},"1":{"player_id":1,"score":1024},"2":{"player_id":2,"score":2.6666666666666665},"3":{"player_id":3,"score":32}}},"event0":"Player 5 accepted Player 1 alliance request","event1":"Player 5 accepted Player 2 alliance request","event2":"Player 5 rejected Player 3 alliance request","event3":"Player 5 accepted Player 4 alliance request","event4":"Player 3 rejected Player 5 alliance request","event5":"Player 4 accepted Player 1 alliance request","event6":"Player 4 accepted Player 2 alliance request","event7":"Player 5 accepted Player 3 alliance request","event8":"Player 3 rejected Player 4 alliance request","event9":"Support was given by Player 2 to Player 4 for Player 4 to resist invasion by 1","event10":"Support was given by Player 2 to Player 4 for Player 4 to resist invasion by 1","event11":"Player 1 owns a bordering province, so gave themselves support","event12":"Player 1 owns a bordering province, so gave themselves support","event13":"Support was given by Player 5 to Player 1 for Player 1 to move to Eridanus","event14":"Player 4 owns a bordering province, so gave themselves support","event15":"Support was given by Player 5 to Player 1 for Player 1 to move to Eridanus","event16":"Player 4 owns a bordering province, so gave themselves support","event17":"Support was given by Player 5 to Player 1 for Player 1 to move to Eridanus","event18":"1 successfully moved to this province","event19":"Player 2 owns a bordering province, so gave themselves support","event20":"Player 2 owns a bordering province, so gave themselves support","event21":"Player 1 owns a bordering province, so gave themselves support","event22":"Player 1 owns a bordering province, so gave themselves support","event23":"Support was given by Player 5 to Player 2 for Player 2 to move to Eridanus","event24":"Support was given by Player 4 to Player 2 for Player 2 to move to Eridanus","event25":"Support was given by Player 5 to Player 2 for Player 2 to move to Eridanus","event26":"Support was given by Player 4 to Player 2 for Player 2 to move to Eridanus","event27":"Support was given by Player 5 to Player 2 for Player 2 to move to Eridanus","event28":"2 successfully moved to this province","event29":"Player 2 owns a bordering province, so gave themselves support","event30":"Player 2 owns a bordering province, so gave themselves support","event31":"Player 3 owns a bordering province, so gave themselves support","event32":"Support was given by Player 5 to Player 3 for Player 3 to move to Eridanus","event33":"Support was not given by Player 4 to Player 2 for Player 2 to resist invasion by 3","event34":"Support was given by Player 5 to Player 3 for Player 3 to move to Eridanus","event35":"Support was not given by Player 4 to Player 2 for Player 2 to resist invasion by 3","event36":"Support was given by Player 5 to Player 3 for Player 3 to move to Eridanus","event37":"3 successfully moved to this province","event38":"Player 4 owns a bordering province, so gave themselves support","event39":"Support was given by Player 5 to Player 4 for Player 4 to move to Canis Minor","event40":"Support was given by Player 1 to Player 4 for Player 4 to move to Canis Minor","event41":"Support was given by Player 1 to Player 4 for Player 4 to move to Canis Minor","event42":"Support was given by Player 5 to Player 4 for Player 4 to move to Canis Minor","event43":"Player 4 owns a bordering province, so gave themselves support","event44":"Player 2 owns a bordering province, so gave themselves support","event45":"Player 2 owns a bordering province, so gave themselves support","event46":"4 successfully moved to this province","event47":"Player 4 owns a bordering province, so gave themselves support","event48":"Player 5 owns a bordering province, so gave themselves support","event49":"Support was given by Player 1 to Player 5 for Player 5 to move to Canis Minor","event50":"Support was given by Player 1 to Player 5 for Player 5 to move to Canis Minor","event51":"Support was given by Player 3 to Player 5 for Player 5 to move to Canis Minor","event52":"Player 5 owns a bordering province, so gave themselves support","event53":"Player 4 owns a bordering province, so gave themselves support","event54":"Support was given by Player 2 to Player 5 for Player 5 to move to Canis Minor","event55":"Support was given by Player 2 to Player 5 for Player 5 to move to Canis Minor","event56":"5 successfully moved to this province","event57":"Support was given by Player 5 to Player 1 for Player 1 to move to Cepheus","event58":"Support was given by Player 2 to Player 4 for Player 4 to resist invasion by 1","event59":"Player 1 owns a bordering province, so gave themselves support","event60":"Player 4 owns a bordering province, so gave themselves support","event61":"Support was given by Player 5 to Player 1 for Player 1 to move to Cepheus","event62":"Support was given by Player 5 to Player 1 for Player 1 to move to Cepheus","event63":"1 successfully moved to this province","event64":"Support was given by Player 5 to Player 2 for Player 2 to move to Cepheus","event65":"Player 2 owns a bordering province, so gave themselves support","event66":"Player 1 owns a bordering province, so gave themselves support","event67":"Support was not given by Player 4 to Player 2 for Player 2 to move to Cepheus","event68":"Support was not given by Player 4 to Player 1 for Player 1 to resist invasion by 2","event69":"Support was given by Player 5 to Player 2 for Player 2 to move to Cepheus","event70":"Support was given by Player 5 to Player 2 for Player 2 to move to Cepheus","event71":"2 successfully moved to this province","event72":"Player 3 owns a bordering province, so gave themselves support","event73":"Player 3 owns a bordering province, so gave themselves support","event74":"Player 5 owns a bordering province, so gave themselves support","event75":"Player 3 owns a bordering province, so gave themselves support","event76":"Player 5 owns a bordering province, so gave themselves support","event77":"Player 3 owns a bordering province, so gave themselves support","event78":"3 successfully moved to this province",