{"player0":{"player_lst":[],"trustworthiness":0.5858457999982427,"trusting":0.9196697193919292,"expansionist":0.5329263168303029,"likelihood_of_alliance":0.9117936540458007,"isolationist":0.5832730477409716,"player_id":0,"player_opinions":{"1":{"player_id":1,"score":0.04938271604938271},"2":{"player_id":2,"score":4},"3":{"player_id":3,"score":0.037037037037037035},"4":{"player_id":4,"score":2048}}},"player1":{"player_lst":[],"trustworthiness":0.8117044860296094,"trusting":0.9876240190316161,"expansionist":0.6622766976176884,"likelihood_of_alliance":0.9349682005197602,"isolationist":0.20382671942431285,"player_id":1,"player_opinions":{"0":{"player_id":0,"score":0.3333333333333333},"2":{"player_id":2,"score":2},"3":{"player_id":3,"score":0.3333333333333333},"4":{"player_id":4,"score":32768}}},"player2":{"player_lst":[],"trustworthiness":0.7777621878429819,"trusting":0.5509689442017527,"expansionist":0.2042577855122052,"likelihood_of_alliance":0.7072389183080126,"isolationist":0.9572182243202896,"player_id":2,"player_opinions":{"0":{"player_id":0,"score":1},"1":{"player_id":1,"score":1},"3":{"player_id":3,"score":2},"4":{"player_id":4,"score":524288}}},"player3":{"player_lst":[],"trustworthiness":0.5227980342895879,"trusting":0.5722759824034462,"expansionist":0.8821028426897055,"likelihood_of_alliance":0.20847550316704533,"isolationist":0.8364665520732413,"player_id":3,"player_opinions":{"0":{"player_id":0,"score":1},"1":{"player_id":1,"score":1},"2":{"player_id":2,"score":1},"4":{"player_id":4,"score":131072}}},"player4":{"player_lst":[],"trustworthiness":0.9436185448076282,"trusting":0.7310785784315283,"expansionist":0.834056451544877,"likelihood_of_alliance":0.9185460235579257,"isolationist":0.7397902625445336,"player_id":4,"player_opinions":{"0":{"player_id":0,"score":8},"1":{"player_id":1,"score":32},"2":{"player_id":2,"score":4},"3":{"player_id":3,"score":64}}},"event0":"Player 5 accepted Player 1 alliance request","event1":"Player 5 accepted Player 2 alliance request","event2":"Player 5 accepted Player 3 alliance request","event3":"Player 5 accepted Player 4 alliance request","event4":"Player 4 rejected Player 1 alliance request","event5":"Player 4 rejected Player 2 alliance request","event6":"Player 4 rejected Player 3 alliance request","event7":"Player 3 accepted Player 4 alliance request","event8":"Player 3 owns a bordering province, so gave themselves support","event9":"Support was given by Player 5 to Player 1 for Player 1 to move to Ursa Minor","event10":"Support was given by Player 5 to Player 1 for Player 1 to move to Ursa Minor","event11":"Player 1 owns a bordering province, so gave themselves support","event12":"Player 1 owns a bordering province, so gave themselves support","event13":"Support was given by Player 5 to Player 1 for Player 1 to move to Ursa Minor","event14":"Player 3 owns a bordering province, so gave themselves support","event15":"1 successfully moved to this province","event16":"Support was given by Player 5 to Player 2 for Player 2 to move to Ursa Minor","event17":"Player 2 owns a bordering province, so gave themselves support","event18":"Support was given by Player 5 to Player 2 for Player 2 to move to Ursa Minor","event19":"Player 1 owns a bordering province, so gave themselves support","event20":"Player 1 owns a bordering province, so gave themselves support","event21":"Support was given by Player 5 to Player 2 for Player 2 to move to Ursa Minor","event22":"2 successfully moved to this province","event23":"Support was given by Player 5 to Player 3 for Player 3 to move to Perseus","event24":"Support was given by Player 5 to Player 3 for Player 3 to move to Perseus","event25":"Support was given by Player 5 to Player 3 for Player 3 to move to Perseus","event26":"Player 4 owns a bordering province, so gave themselves support","event27":"Player 4 owns a bordering province, so gave themselves support","event28":"Player 3 owns a bordering province, so gave themselves support","event29":"3 successfully moved to this province","event30":"Support was given by Player 5 to Player 4 for Player 4 to move to Perseus","event31":"Support was given by Player 5 to Player 4 for Player 4 to move to Perseus","event32":"Support was given by Player 5 to Player 4 for Player 4 to move to Perseus","event33":"Player 4 owns a bordering province, so gave themselves support","event34":"Player 4 owns a bordering province, so gave themselves support","event35":"Player 3 owns a bordering province, so gave themselves support","event36":"4 successfully moved to this province","event37":"Support was given by Player 4 to Player 5 for Player 5 to move to Saggitarius","event38":"Player 1 owns a bordering province, so gave themselves support","event39":"Player 5 owns a bordering province, so gave themselves support","event40":"Support was given by Player 3 to Player 5 for Player 5 to move to Saggitarius","event41":"Support was given by Player 2 to Player 5 for Player 5 to move to Saggitarius","event42":"Support was given by Player 2 to Player 5 for Player 5 to move to Saggitarius","event43":"Player 1 owns a bordering province, so gave themselves support","event44":"5 successfully moved to this province","event45":"Support was given by Player 5 to Player 1 for Player 1 to move to Ursa Minor","event46":"Player 2 owns a bordering province, so gave themselves support","event47":"Support was given by Player 5 to Player 1 for Player 1 to move to Ursa Minor","event48":"Player 1 owns a bordering province, so gave themselves support","event49":"Support was given by Player 5 to Player 1 for Player 1 to move to Ursa Minor","event50":"Support was given by Player 5 to Player 1 for Player 1 to move to Ursa Minor","event51":"1 successfully moved to this province","event52":"Support was given by Player 5 to Player 2 for Player 2 to move to Ursa Minor","event53":"Player 2 owns a bordering province, so gave themselves support","event54":"Support was given by Player 5 to Player 2 for Player 2 to move to Ursa Minor","event55":"Player 1 owns a bordering province, so gave themselves support","event56":"Support was given by Player 5 to Player 2 for Player 2 to move to Ursa Minor","event57":"Support was given by Player 5 to Player 2 for Player 2 to move to Ursa Minor","event58":"2 successfully moved to this province","event59":"Support was given by Player 5 to Player 3 for Player 3 to move to Perseus","event60":"Support was given by Player 5 to Player 3 for Player 3 to move to Perseus","event61":"Support was given by Player 5 to Player 3 for Player 3 to move to Perseus","event62":"Player 4 owns a bordering province, so gave themselves support","event63":"Player 4 owns a bordering province, so gave themselves support","event64":"Player 3 owns a bordering province, so gave themselves support","event65":"3 successfully moved to this province","event66":"Support was given by Player 5 to Player 4 for Player 4 to move to Perseus","event67":"Support was given by Player 5 to Player 4 for Player 4 to move to Perseus","event68":"Support was given by Player 5 to Player 4 for Player 4 to move to Perseus","event69":"Player 4 owns a bordering province, so gave themselves support","event70":"Player 4 owns a bordering province, so gave themselves support","event71":"Player 3 owns a bordering province, so gave themselves support","event72":"4 successfully moved to this province","event73":"Player 2 owns a bordering province, so gave themselves support","event74":"Player 5 owns a bordering province, so gave themselves support","event75":"Player 2 owns a bordering province, so gave themselves support","event76":"Player 2 owns a bordering province, so gave themselves support","event77":"Player 5 owns a bordering province, so gave themselves support","event78":"Support was given by Player 4 to Player 5 for Player 5 to move to Orion","event79":"5 cannot move to this province, does not have enough support","event80":"Support was given by Player 5 to Player 1 for Player 1 to move to Ursa Minor",