{"player0":{"player_lst":[],"trustworthiness":0.6229522093083761,"trusting":0.0905944824536653,"expansionist":0.33434079488489066,"likelihood_of_alliance":0.6442245125320767,"isolationist":0.39632470348681026,"player_id":0,"player_opinions":{"1":{"player_id":1,"score":1},"2":{"player_id":2,"score":1},"3":{"player_id":3,"score":0.3333333333333333},"4":{"player_id":4,"score":0.004115226337448559}}},"player1":{"player_lst":[],"trustworthiness":0.8584455520431937,"trusting":0.4662796984505757,"expansionist":0.5482589159071929,"likelihood_of_alliance":0.09221624425787689,"isolationist":0.5244017979106719,"player_id":1,"player_opinions":{"0":{"player_id":0,"score":1},"2":{"player_id":2,"score":4},"3":{"player_id":3,"score":0.00001693508780843029},"4":{"player_id":4,"score":4}}},"player2":{"player_lst":[],"trustworthiness":0.7150913657173656,"trusting":0.8969331778107046,"expansionist":0.890357219328578,"likelihood_of_alliance":0.757081363181074,"isolationist":0.10964205776684621,"player_id":2,"player_opinions":{"0":{"player_id":0,"score":1},"1":{"player_id":1,"score":1},"3":{"player_id":3,"score":0.024691358024691357},"4":{"player_id":4,"score":8}}},"player3":{"player_lst":[],"trustworthiness":0.1951669362452917,"trusting":0.07483687941454154,"expansionist":0.3687579020480327,"likelihood_of_alliance":0.9783241409991017,"isolationist":0.6081464587381891,"player_id":3,"player_opinions":{"0":{"player_id":0,"score":1},"1":{"player_id":1,"score":2},"2":{"player_id":2,"score":0.024691358024691357},"4":{"player_id":4,"score":8}}},"player4":{"player_lst":[],"trustworthiness":0.21344260474156895,"trusting":0.16932589110359197,"expansionist":0.41517239422762287,"likelihood_of_alliance":0.42340078086194777,"isolationist":0.06988025819178434,"player_id":4,"player_opinions":{"0":{"player_id":0,"score":1},"1":{"player_id":1,"score":2},"2":{"player_id":2,"score":8},"3":{"player_id":3,"score":8}}},"event0":"Player 4 rejected Player 0 alliance request","event1":"Player 4 accepted Player 1 alliance request","event2":"Player 4 accepted Player 2 alliance request","event3":"Player 4 accepted Player 3 alliance request","event4":"Player 3 accepted Player 4 alliance request","event5":"Player 4 rejected Player 0 alliance request","event6":"Player 3 accepted Player 1 alliance request","event7":"Player 3 accepted Player 2 alliance request","event8":"Player 2 accepted Player 3 alliance request","event9":"Player 2 accepted Player 4 alliance request","event10":"Support was not given by Player 3 to Player 1 for Player 1 to move to Cassiopeia","event11":"Support was not given by Player 3 to Player 4 for Player 4 to resist invasion by 1","event12":"Support was not given by Player 3 to Player 1 for Player 1 to move to Cassiopeia","event13":"Support was not given by Player 3 to Player 4 for Player 4 to resist invasion by 1","event14":"Player 4 owns a bordering province, so gave themselves support","event15":"Player 1 owns a bordering province, so gave themselves support","event16":"Support was given by Player 2 to Player 4 for Player 4 to resist invasion by 1","event17":"Player 4 owns a bordering province, so gave themselves support","event18":"Player 1 owns a bordering province, so gave themselves support","event19":"1 cannot move to this province, does not have enough support","event20":"Support was not given by Player 3 to Player 2 for Player 2 to move to Cassiopeia","event21":"Support was not given by Player 3 to Player 4 for Player 4 to resist invasion by 2","event22":"Support was not given by Player 3 to Player 2 for Player 2 to move to Cassiopeia","event23":"Support was not given by Player 3 to Player 4 for Player 4 to resist invasion by 2","event24":"Player 4 owns a bordering province, so gave themselves support","event25":"Player 2 owns a bordering province, so gave themselves support","event26":"Player 4 owns a bordering province, so gave themselves support","event27":"2 cannot move to this province, does not have enough support","event28":"Player 3 owns a bordering province, so gave themselves support","event29":"Player 3 owns a bordering province, so gave themselves support","event30":"Support was given by Player 4 to Player 3 for Player 3 to move to Orion","event31":"Support was given by Player 4 to Player 3 for Player 3 to move to Orion","event32":"Player 2 owns a bordering province, so gave themselves support","event33":"Player 2 owns a bordering province, so gave themselves support","event34":"3 successfully moved to this province","event35":"Player 3 owns a bordering province, so gave themselves support","event36":"Player 3 owns a bordering province, so gave themselves support","event37":"Player 4 owns a bordering province, so gave themselves support","event38":"Player 4 owns a bordering province, so gave themselves support","event39":"Support was given by Player 2 to Player 4 for Player 4 to move to Orion","event40":"Support was given by Player 2 to Player 4 for Player 4 to move to Orion","event41":"4 successfully moved to this province","event42":"Player 0 owns a bordering province, so gave themselves support","event43":"Player 0 owns a bordering province, so gave themselves support","event44":"Player 2 owns a bordering province, so gave themselves support","event45":"Support was not given by Player 4 to Player 2 for Player 2 to resist invasion by 0","event46":"0 successfully moved to this province","event47":"Player 3 owns a bordering province, so gave themselves support","event48":"Support was given by Player 4 to Player 1 for Player 1 to move to Perseus","event49":"Player 1 owns a bordering province, so gave themselves support","event50":"Support was given by Player 4 to Player 1 for Player 1 to move to Perseus","event51":"Support was given by Player 2 to Player 3 for Player 3 to resist invasion by 1","event52":"Player 3 owns a bordering province, so gave themselves support","event53":"1 cannot move to this province, does not have enough support","event54":"Player 3 owns a bordering province, so gave themselves support","event55":"Support was given by Player 4 to Player 2 for Player 2 to move to Perseus","event56":"Support was given by Player 4 to Player 2 for Player 2 to move to Perseus","event57":"Player 2 owns a bordering province, so gave themselves support","event58":"Player 3 owns a bordering province, so gave themselves support","event59":"2 successfully moved to this province","event60":"Support was not given by Player 2 to Player 3 for Player 3 to move to Cassiopeia","event61":"Support was not given by Player 2 to Player 4 for Player 4 to resist invasion by 3","event62":"Player 3 owns a bordering province, so gave themselves support","event63":"Player 4 owns a bordering province, so gave themselves support","event64":"Support was not given by Player 2 to Player 3 for Player 3 to move to Cassiopeia","event65":"Support was not given by Player 2 to Player 4 for Player 4 to resist invasion by 3","event66":"Player 4 owns a bordering province, so gave themselves support","event67":"3 cannot move to this province, does not have enough support","event68":"Support was given by Player 3 to Player 4 for Player 4 to move to Perseus","event69":"Player 4 owns a bordering province, so gave themselves support","event70":"Player 4 owns a bordering province, so gave themselves support","event71":"Player 2 owns a bordering province, so gave themselves support","event72":"Support was given by Player 3 to Player 4 for Player 4 to move to Perseus","event73":"4 successfully moved to this province","event74":"Support was not given by Player 4 to Player 2 for Player 2 to resist invasion by 0","event75":"Support was not given by Player 4 to Player 2 for Player 2 to resist invasion by 0","event76":"Player 0 owns a bordering province, so gave themselves support","event77":"Player 0 owns a bordering province, so gave themselves support","event78":"Player 0 owns a bordering province, so gave themselves support",