{"player0":{"player_lst":[],"trustworthiness":0.3543901562454854,"trusting":0.6786191992051731,"expansionist":0.114521493352304,"likelihood_of_alliance":0.637586245226383,"isolationist":0.40739510494092634,"player_id":0,"player_opinions":{"1":{"player_id":1,"score":16},"2":{"player_id":2,"score":0.004115226337448559},"3":{"player_id":3,"score":0.3333333333333333},"4":{"player_id":4,"score":32}}},"player1":{"player_lst":[],"trustworthiness":0.6797333688350569,"trusting":0.5851165433218823,"expansionist":0.5003002564672243,"likelihood_of_alliance":0.2820647200222881,"isolationist":0.8671913250126257,"player_id":1,"player_opinions":{"0":{"player_id":0,"score":8},"2":{"player_id":2,"score":4},"3":{"player_id":3,"score":1},"4":{"player_id":4,"score":64}}},"player2":{"player_lst":[],"trustworthiness":0.24132665058092262,"trusting":0.6028197377850146,"expansionist":0.5982784324976662,"likelihood_of_alliance":0.4365021496855219,"isolationist":0.8605473241094872,"player_id":2,"player_opinions":{"0":{"player_id":0,"score":0.012345679012345678},"1":{"player_id":1,"score":16},"3":{"player_id":3,"score":1},"4":{"player_id":4,"score":256}}},"player3":{"player_lst":[],"trustworthiness":0.14708084907943264,"trusting":0.1067476136239538,"expansionist":0.6973444877401997,"likelihood_of_alliance":0.24429030314694833,"isolationist":0.2825360020376997,"player_id":3,"player_opinions":{"0":{"player_id":0,"score":0.1111111111111111},"1":{"player_id":1,"score":32},"2":{"player_id":2,"score":0.012345679012345678},"4":{"player_id":4,"score":8}}},"player4":{"player_lst":[],"trustworthiness":0.9791845737316063,"trusting":0.6992648849205794,"expansionist":0.1476864127438604,"likelihood_of_alliance":0.772308507693261,"isolationist":0.5254489662973378,"player_id":4,"player_opinions":{"0":{"player_id":0,"score":16},"1":{"player_id":1,"score":512},"2":{"player_id":2,"score":16},"3":{"player_id":3,"score":4}}},"event0":"Player 5 accepted Player 1 alliance request","event1":"Player 5 rejected Player 2 alliance request","event2":"Player 5 accepted Player 3 alliance request","event3":"Player 5 accepted Player 4 alliance request","event4":"Player 2 rejected Player 5 alliance request","event5":"Player 4 rejected Player 1 alliance request","event6":"Player 5 accepted Player 2 alliance request","event7":"Player 4 rejected Player 3 alliance request","event8":"Player 3 rejected Player 4 alliance request","event9":"Player 2 owns a bordering province, so gave themselves support","event10":"Support was given by Player 5 to Player 1 for Player 1 to move to Cepheus","event11":"Support was given by Player 5 to Player 1 for Player 1 to move to Cepheus","event12":"Player 2 owns a bordering province, so gave themselves support","event13":"Player 1 owns a bordering province, so gave themselves support","event14":"1 successfully moved to this province","event15":"Player 2 owns a bordering province, so gave themselves support","event16":"Support was given by Player 5 to Player 2 for Player 2 to move to Cepheus","event17":"Support was given by Player 5 to Player 2 for Player 2 to move to Cepheus","event18":"Player 2 owns a bordering province, so gave themselves support","event19":"Player 1 owns a bordering province, so gave themselves support","event20":"2 successfully moved to this province","event21":"Support was given by Player 5 to Player 3 for Player 3 to move to Canis Minor","event22":"Player 3 owns a bordering province, so gave themselves support","event23":"Player 2 owns a bordering province, so gave themselves support","event24":"Support was given by Player 5 to Player 3 for Player 3 to move to Canis Minor","event25":"Support was given by Player 5 to Player 3 for Player 3 to move to Canis Minor","event26":"3 successfully moved to this province","event27":"Support was given by Player 5 to Player 4 for Player 4 to move to Canis Minor","event28":"Player 3 owns a bordering province, so gave themselves support","event29":"Player 4 owns a bordering province, so gave themselves support","event30":"Support was given by Player 5 to Player 4 for Player 4 to move to Canis Minor","event31":"Support was given by Player 5 to Player 4 for Player 4 to move to Canis Minor","event32":"Player 4 owns a bordering province, so gave themselves support","event33":"4 successfully moved to this province","event34":"Support was given by Player 1 to Player 5 for Player 5 to move to Cassiopeia","event35":"Support was given by Player 2 to Player 5 for Player 5 to move to Cassiopeia","event36":"Support was given by Player 3 to Player 5 for Player 5 to move to Cassiopeia","event37":"Support was given by Player 1 to Player 5 for Player 5 to move to Cassiopeia","event38":"Player 5 owns a bordering province, so gave themselves support","event39":"Player 5 owns a bordering province, so gave themselves support","event40":"Support was given by Player 3 to Player 5 for Player 5 to move to Cassiopeia","event41":"Player 4 owns a bordering province, so gave themselves support","event42":"Player 4 owns a bordering province, so gave themselves support","event43":"Player 4 owns a bordering province, so gave themselves support","event44":"5 successfully moved to this province","event45":"Player 1 owns a bordering province, so gave themselves support","event46":"Player 5 owns a bordering province, so gave themselves support","event47":"Support was given by Player 2 to Player 5 for Player 5 to resist invasion by 1","event48":"Support was not given by Player 3 to Player 5 for Player 5 to resist invasion by 1","event49":"Support was not given by Player 3 to Player 5 for Player 5 to resist invasion by 1","event50":"Player 1 owns a bordering province, so gave themselves support","event51":"Player 5 owns a bordering province, so gave themselves support","event52":"Support was not given by Player 4 to Player 5 for Player 5 to resist invasion by 1","event53":"1 cannot move to this province, does not have enough support","event54":"Support was given by Player 5 to Player 2 for Player 2 to move to Canis Minor","event55":"Support was given by Player 5 to Player 2 for Player 2 to move to Canis Minor","event56":"Player 2 owns a bordering province, so gave themselves support","event57":"Support was given by Player 5 to Player 2 for Player 2 to move to Canis Minor","event58":"Support was given by Player 5 to Player 2 for Player 2 to move to Canis Minor","event59":"Player 4 owns a bordering province, so gave themselves support","event60":"2 successfully moved to this province","event61":"Support was not given by Player 1 to Player 5 for Player 5 to resist invasion by 3","event62":"Player 5 owns a bordering province, so gave themselves support","event63":"Support was given by Player 2 to Player 5 for Player 5 to resist invasion by 3","event64":"Player 3 owns a bordering province, so gave themselves support","event65":"Player 3 owns a bordering province, so gave themselves support","event66":"Support was not given by Player 1 to Player 5 for Player 5 to resist invasion by 3","event67":"Player 5 owns a bordering province, so gave themselves support","event68":"Support was given by Player 2 to Player 5 for Player 5 to resist invasion by 3","event69":"3 cannot move to this province, does not have enough support","event70":"Support was not given by Player 3 to Player 5 for Player 5 to resist invasion by 4","event71":"Support was given by Player 2 to Player 5 for Player 5 to resist invasion by 4","event72":"Support was not given by Player 1 to Player 5 for Player 5 to resist invasion by 4","event73":"Player 4 owns a bordering province, so gave themselves support","event74":"Player 5 owns a bordering province, so gave themselves support","event75":"Player 5 owns a bordering province, so gave themselves support","event76":"Support was given by Player 2 to Player 5 for Player 5 to resist invasion by 4","event77":"4 cannot move to this province, does not have enough support","event78":"Support was given by Player 2 to Player 5 for Player 5 to move to Canis Major",