{"player0":{"player_lst":[],"trustworthiness":0.57585729714638,"trusting":0.13967022626425618,"expansionist":0.8439941893927259,"likelihood_of_alliance":0.7976067326942833,"isolationist":0.5122923362549281,"player_id":0,"player_opinions":{"1":{"player_id":1,"score":1},"2":{"player_id":2,"score":0.1111111111111111},"3":{"player_id":3,"score":0.012345679012345678},"4":{"player_id":4,"score":32}}},"player1":{"player_lst":[],"trustworthiness":0.856410753948192,"trusting":0.9272770130545758,"expansionist":0.37184219501555504,"likelihood_of_alliance":0.5776820339700284,"isolationist":0.5998189846835547,"player_id":1,"player_opinions":{"0":{"player_id":0,"score":2},"2":{"player_id":2,"score":2},"3":{"player_id":3,"score":0.1111111111111111},"4":{"player_id":4,"score":16}}},"player2":{"player_lst":[],"trustworthiness":0.5512474213934193,"trusting":0.7027852123037555,"expansionist":0.8356337450008962,"likelihood_of_alliance":0.010613011520201887,"isolationist":0.5697708458309607,"player_id":2,"player_opinions":{"0":{"player_id":0,"score":0.1111111111111111},"1":{"player_id":1,"score":1},"3":{"player_id":3,"score":2},"4":{"player_id":4,"score":64}}},"player3":{"player_lst":[],"trustworthiness":0.4151730505464437,"trusting":0.15618870986464417,"expansionist":0.49361064468097715,"likelihood_of_alliance":0.09616282639163076,"isolationist":0.3654078521213502,"player_id":3,"player_opinions":{"0":{"player_id":0,"score":0.012345679012345678},"1":{"player_id":1,"score":1},"2":{"player_id":2,"score":8},"4":{"player_id":4,"score":4}}},"player4":{"player_lst":[],"trustworthiness":0.507184477878666,"trusting":0.39125844484877703,"expansionist":0.5750350313216539,"likelihood_of_alliance":0.7732939957243041,"isolationist":0.46743287212009643,"player_id":4,"player_opinions":{"0":{"player_id":0,"score":16},"1":{"player_id":1,"score":1},"2":{"player_id":2,"score":512},"3":{"player_id":3,"score":2}}},"event0":"Player 5 accepted Player 1 alliance request","event1":"Player 5 rejected Player 2 alliance request","event2":"Player 5 accepted Player 3 alliance request","event3":"Player 5 accepted Player 4 alliance request","event4":"Player 2 rejected Player 5 alliance request","event5":"Player 4 rejected Player 1 alliance request","event6":"Player 5 rejected Player 2 alliance request","event7":"Player 4 rejected Player 3 alliance request","event8":"Player 3 rejected Player 4 alliance request","event9":"Player 2 rejected Player 5 alliance request","event10":"Player 4 owns a bordering province, so gave themselves support","event11":"Player 1 owns a bordering province, so gave themselves support","event12":"Player 4 owns a bordering province, so gave themselves support","event13":"Support was given by Player 5 to Player 1 for Player 1 to move to Canis Major","event14":"Support was given by Player 5 to Player 1 for Player 1 to move to Canis Major","event15":"1 successfully moved to this province","event16":"Player 2 owns a bordering province, so gave themselves support","event17":"Player 4 owns a bordering province, so gave themselves support","event18":"Support was given by Player 5 to Player 4 for Player 4 to resist invasion by 2","event19":"2 cannot move to this province, does not have enough support","event20":"Player 3 owns a bordering province, so gave themselves support","event21":"Player 1 owns a bordering province, so gave themselves support","event22":"Support was given by Player 5 to Player 3 for Player 3 to move to Canis Major","event23":"Support was given by Player 5 to Player 3 for Player 3 to move to Canis Major","event24":"3 successfully moved to this province","event25":"Player 3 owns a bordering province, so gave themselves support","event26":"Player 4 owns a bordering province, so gave themselves support","event27":"Player 4 owns a bordering province, so gave themselves support","event28":"Support was given by Player 5 to Player 4 for Player 4 to move to Canis Major","event29":"Support was given by Player 5 to Player 4 for Player 4 to move to Canis Major","event30":"4 successfully moved to this province","event31":"Support was given by Player 3 to Player 5 for Player 5 to move to Cepheus","event32":"Support was given by Player 1 to Player 5 for Player 5 to move to Cepheus","event33":"Support was given by Player 3 to Player 5 for Player 5 to move to Cepheus","event34":"Support was given by Player 3 to Player 5 for Player 5 to move to Cepheus","event35":"Player 4 owns a bordering province, so gave themselves support","event36":"Player 5 owns a bordering province, so gave themselves support","event37":"Player 4 owns a bordering province, so gave themselves support","event38":"5 successfully moved to this province","event39":"Player 1 owns a bordering province, so gave themselves support","event40":"Player 5 owns a bordering province, so gave themselves support","event41":"Support was not given by Player 4 to Player 5 for Player 5 to resist invasion by 1","event42":"Player 5 owns a bordering province, so gave themselves support","event43":"Player 5 owns a bordering province, so gave themselves support","event44":"Support was not given by Player 4 to Player 5 for Player 5 to resist invasion by 1","event45":"1 cannot move to this province, does not have enough support","event46":"Player 2 owns a bordering province, so gave themselves support","event47":"Support was given by Player 5 to Player 1 for Player 1 to resist invasion by 2","event48":"Player 1 owns a bordering province, so gave themselves support","event49":"Player 1 owns a bordering province, so gave themselves support","event50":"2 cannot move to this province, does not have enough support","event51":"Support was given by Player 5 to Player 3 for Player 3 to move to Perseus","event52":"Support was given by Player 5 to Player 3 for Player 3 to move to Perseus","event53":"Support was given by Player 5 to Player 3 for Player 3 to move to Perseus","event54":"Support was given by Player 5 to Player 3 for Player 3 to move to Perseus","event55":"Player 3 owns a bordering province, so gave themselves support","event56":"Player 2 owns a bordering province, so gave themselves support","event57":"Player 2 owns a bordering province, so gave themselves support","event58":"3 successfully moved to this province","event59":"Support was given by Player 3 to Player 5 for Player 5 to resist invasion by 4","event60":"Support was not given by Player 1 to Player 5 for Player 5 to resist invasion by 4","event61":"Player 5 owns a bordering province, so gave themselves support","event62":"Player 4 owns a bordering province, so gave themselves support","event63":"Player 5 owns a bordering province, so gave themselves support","event64":"Player 5 owns a bordering province, so gave themselves support","event65":"Player 4 owns a bordering province, so gave themselves support","event66":"4 cannot move to this province, does not have enough support","event67":"Support was given by Player 3 to Player 5 for Player 5 to move to Cygnus","event68":"Player 5 owns a bordering province, so gave themselves support","event69":"Support was given by Player 3 to Player 5 for Player 5 to move to Cygnus","event70":"Player 5 owns a bordering province, so gave themselves support","event71":"Player 1 owns a bordering province, so gave themselves support","event72":"Player 5 owns a bordering province, so gave themselves support","event73":"Support was given by Player 3 to Player 5 for Player 5 to move to Cygnus","event74":"Player 1 owns a bordering province, so gave themselves support","event75":"5 successfully moved to this province","event76":"Support was not given by Player 3 to Player 5 for Player 5 to resist invasion by 1","event77":"Player 1 owns a bordering province, so gave themselves support","event78":"Player 5 owns a bordering province, so gave themselves support","event79":"Support was not given by Player 4 to Player 5 for Player 5 to resist invasion by 1","event80":"Player 5 owns a bordering province, so gave themselves support",