{"player0":{"player_lst":[],"trustworthiness":0.06320733723897676,"trusting":0.7474527749965834,"expansionist":0.3341625905535599,"likelihood_of_alliance":0.695576709119625,"isolationist":0.7118780993171896,"player_id":0,"player_opinions":{"1":{"player_id":1,"score":0.00015241579027587258},"2":{"player_id":2,"score":0.0013717421124828531},"3":{"player_id":3,"score":4},"4":{"player_id":4,"score":8}}},"player1":{"player_lst":[],"trustworthiness":0.24788580220648138,"trusting":0.6744961873871522,"expansionist":0.5671492828664835,"likelihood_of_alliance":0.6255553503269902,"isolationist":0.9254326662010621,"player_id":1,"player_opinions":{"0":{"player_id":0,"score":0.000001881676423158921},"2":{"player_id":2,"score":0.4444444444444444},"3":{"player_id":3,"score":32},"4":{"player_id":4,"score":1}}},"player2":{"player_lst":[],"trustworthiness":0.11502639285614058,"trusting":0.5824192038315708,"expansionist":0.6087428423304881,"likelihood_of_alliance":0.7133756542174357,"isolationist":0.810266004011013,"player_id":2,"player_opinions":{"0":{"player_id":0,"score":0.037037037037037035},"1":{"player_id":1,"score":1.7777777777777777},"3":{"player_id":3,"score":0.1111111111111111},"4":{"player_id":4,"score":0.2222222222222222}}},"player3":{"player_lst":[],"trustworthiness":0.5952819444174204,"trusting":0.7192898910338419,"expansionist":0.7885591879459621,"likelihood_of_alliance":0.8424094497831869,"isolationist":0.6001415885216985,"player_id":3,"player_opinions":{"0":{"player_id":0,"score":1},"1":{"player_id":1,"score":4},"2":{"player_id":2,"score":0.024691358024691357},"4":{"player_id":4,"score":0.012345679012345678}}},"player4":{"player_lst":[],"trustworthiness":0.39204122607443415,"trusting":0.33473594873623047,"expansionist":0.7851203647736331,"likelihood_of_alliance":0.4982253176987963,"isolationist":0.9863611813423532,"player_id":4,"player_opinions":{"0":{"player_id":0,"score":128},"1":{"player_id":1,"score":2},"2":{"player_id":2,"score":0.037037037037037035},"3":{"player_id":3,"score":0.2222222222222222}}},"event0":"Player 5 rejected Player 1 alliance request","event1":"Player 5 rejected Player 2 alliance request","event2":"Player 5 rejected Player 3 alliance request","event3":"Player 5 accepted Player 4 alliance request","event4":"Player 3 accepted Player 5 alliance request","event5":"Player 5 rejected Player 1 alliance request","event6":"Player 5 accepted Player 2 alliance request","event7":"Player 4 accepted Player 3 alliance request","event8":"Player 2 accepted Player 4 alliance request","event9":"Player 1 accepted Player 5 alliance request","event10":"Player 5 owns a bordering province, so gave themselves support","event11":"Support was not given by Player 2 to Player 5 for Player 5 to resist invasion by 1","event12":"Player 1 owns a bordering province, so gave themselves support","event13":"Player 5 owns a bordering province, so gave themselves support","event14":"Support was not given by Player 3 to Player 5 for Player 5 to resist invasion by 1","event15":"Support was not given by Player 3 to Player 5 for Player 5 to resist invasion by 1","event16":"Player 1 owns a bordering province, so gave themselves support","event17":"Player 1 owns a bordering province, so gave themselves support","event18":"1 successfully moved to this province","event19":"Support was not given by Player 2 to Player 4 for Player 4 to resist invasion by 1","event20":"Player 1 owns a bordering province, so gave themselves support","event21":"Support was not given by Player 3 to Player 4 for Player 4 to resist invasion by 1","event22":"Support was not given by Player 2 to Player 4 for Player 4 to resist invasion by 1","event23":"Support was not given by Player 3 to Player 4 for Player 4 to resist invasion by 1","event24":"Player 4 owns a bordering province, so gave themselves support","event25":"Support was given by Player 5 to Player 1 for Player 1 to move to Orion","event26":"1 successfully moved to this province","event27":"Player 5 owns a bordering province, so gave themselves support","event28":"Support was not given by Player 1 to Player 5 for Player 5 to resist invasion by 2","event29":"Support was not given by Player 1 to Player 5 for Player 5 to resist invasion by 2","event30":"Support was given by Player 4 to Player 2 for Player 2 to move to Cygnus","event31":"Player 2 owns a bordering province, so gave themselves support","event32":"Support was not given by Player 1 to Player 5 for Player 5 to resist invasion by 2","event33":"Support was given by Player 4 to Player 2 for Player 2 to move to Cygnus","event34":"2 successfully moved to this province","event35":"Player 4 owns a bordering province, so gave themselves support","event36":"Player 3 owns a bordering province, so gave themselves support","event37":"Support was not given by Player 2 to Player 4 for Player 4 to resist invasion by 3","event38":"Player 3 owns a bordering province, so gave themselves support","event39":"Support was not given by Player 5 to Player 3 for Player 3 to move to Canis Major","event40":"Support was not given by Player 5 to Player 4 for Player 4 to resist invasion by 3","event41":"Support was not given by Player 2 to Player 4 for Player 4 to resist invasion by 3","event42":"3 successfully moved to this province","event43":"Player 4 owns a bordering province, so gave themselves support","event44":"Player 3 owns a bordering province, so gave themselves support","event45":"Support was given by Player 2 to Player 4 for Player 4 to move to Canis Major","event46":"Player 3 owns a bordering province, so gave themselves support","event47":"Support was not given by Player 5 to Player 4 for Player 4 to move to Canis Major","event48":"Support was not given by Player 5 to Player 3 for Player 3 to resist invasion by 4","event49":"Support was given by Player 2 to Player 4 for Player 4 to move to Canis Major","event50":"4 successfully moved to this province","event51":"Support was given by Player 1 to Player 5 for Player 5 to move to Cassiopeia","event52":"Support was not given by Player 3 to Player 5 for Player 5 to move to Cassiopeia","event53":"Support was given by Player 1 to Player 5 for Player 5 to move to Cassiopeia","event54":"Support was given by Player 1 to Player 5 for Player 5 to move to Cassiopeia","event55":"Player 5 owns a bordering province, so gave themselves support","event56":"Player 2 owns a bordering province, so gave themselves support","event57":"Player 2 owns a bordering province, so gave themselves support","event58":"Player 2 owns a bordering province, so gave themselves support","event59":"5 successfully moved to this province","event60":"Support was given by Player 5 to Player 1 for Player 1 to move to Eridanus","event61":"Support was given by Player 4 to Player 3 for Player 3 to resist invasion by 1","event62":"Player 1 owns a bordering province, so gave themselves support","event63":"Player 3 owns a bordering province, so gave themselves support","event64":"Support was given by Player 4 to Player 3 for Player 3 to resist invasion by 1","event65":"Player 3 owns a bordering province, so gave themselves support","event66":"Player 1 owns a bordering province, so gave themselves support","event67":"1 cannot move to this province, does not have enough support","event68":"Support was not given by Player 3 to Player 5 for Player 5 to resist invasion by 2","event69":"Support was not given by Player 1 to Player 5 for Player 5 to resist invasion by 2","event70":"Player 2 owns a bordering province, so gave themselves support","event71":"Support was not given by Player 1 to Player 5 for Player 5 to resist invasion by 2","event72":"Support was not given by Player 1 to Player 5 for Player 5 to resist invasion by 2","event73":"Support was not given by Player 3 to Player 5 for Player 5 to resist invasion by 2","event74":"Support was not given by Player 1 to Player 5 for Player 5 to resist invasion by 2","event75":"Player 5 owns a bordering province, so gave themselves support",