{"player0":{"player_lst":[],"trustworthiness":0.858291889341102,"trusting":0.326128350350571,"expansionist":0.378878940002892,"likelihood_of_alliance":0.7474861800879524,"isolationist":0.6621078806256111,"player_id":0,"player_opinions":{"1":{"player_id":1,"score":64},"2":{"player_id":2,"score":2},"3":{"player_id":3,"score":131072},"4":{"player_id":4,"score":0.0013717421124828531}}},"player1":{"player_lst":[],"trustworthiness":0.6969488396282482,"trusting":0.4071968400341561,"expansionist":0.006714684854734587,"likelihood_of_alliance":0.1624062359719618,"isolationist":0.8323074566314177,"player_id":1,"player_opinions":{"0":{"player_id":0,"score":8},"2":{"player_id":2,"score":0.3333333333333333},"3":{"player_id":3,"score":65536},"4":{"player_id":4,"score":0.00001693508780843029}}},"player2":{"player_lst":[],"trustworthiness":0.18100593371392404,"trusting":0.5586425607456327,"expansionist":0.23350281760908542,"likelihood_of_alliance":0.8452288418290366,"isolationist":0.6727497948433592,"player_id":2,"player_opinions":{"0":{"player_id":0,"score":1},"1":{"player_id":1,"score":1},"3":{"player_id":3,"score":8},"4":{"player_id":4,"score":0.024691358024691357}}},"player3":{"player_lst":[],"trustworthiness":0.8329460180292969,"trusting":0.04846673711071148,"expansionist":0.2939067568781164,"likelihood_of_alliance":0.9566119553957084,"isolationist":0.9448193675017154,"player_id":3,"player_opinions":{"0":{"player_id":0,"score":256},"1":{"player_id":1,"score":64},"2":{"player_id":2,"score":8},"4":{"player_id":4,"score":4}}},"player4":{"player_lst":[],"trustworthiness":0.12316943458268814,"trusting":0.20108972358375055,"expansionist":0.9614069289168603,"likelihood_of_alliance":0.5211453736082206,"isolationist":0.4189846628390128,"player_id":4,"player_opinions":{"0":{"player_id":0,"score":0.07407407407407407},"1":{"player_id":1,"score":0.024691358024691357},"2":{"player_id":2,"score":1},"3":{"player_id":3,"score":65536}}},"event0":"Player 5 accepted Player 1 alliance request","event1":"Player 5 accepted Player 2 alliance request","event2":"Player 5 rejected Player 3 alliance request","event3":"Player 5 accepted Player 4 alliance request","event4":"Player 3 accepted Player 5 alliance request","event5":"Player 4 accepted Player 1 alliance request","event6":"Player 4 accepted Player 2 alliance request","event7":"Player 4 accepted Player 3 alliance request","event8":"Support was given by Player 4 to Player 1 for Player 1 to move to Cygnus","event9":"Player 1 owns a bordering province, so gave themselves support","event10":"Support was not given by Player 5 to Player 1 for Player 1 to move to Cygnus","event11":"Support was not given by Player 5 to Player 3 for Player 3 to resist invasion by 1","event12":"Support was given by Player 4 to Player 1 for Player 1 to move to Cygnus","event13":"Player 1 owns a bordering province, so gave themselves support","event14":"Player 3 owns a bordering province, so gave themselves support","event15":"Support was not given by Player 5 to Player 1 for Player 1 to move to Cygnus","event16":"Support was not given by Player 5 to Player 3 for Player 3 to resist invasion by 1","event17":"Player 1 owns a bordering province, so gave themselves support","event18":"Support was not given by Player 5 to Player 1 for Player 1 to move to Cygnus","event19":"Support was not given by Player 5 to Player 3 for Player 3 to resist invasion by 1","event20":"Player 3 owns a bordering province, so gave themselves support","event21":"1 successfully moved to this province","event22":"Player 2 owns a bordering province, so gave themselves support","event23":"Support was given by Player 4 to Player 2 for Player 2 to move to Eridanus","event24":"Player 2 owns a bordering province, so gave themselves support","event25":"Support was not given by Player 5 to Player 2 for Player 2 to move to Eridanus","event26":"Support was not given by Player 5 to Player 3 for Player 3 to resist invasion by 2","event27":"Player 3 owns a bordering province, so gave themselves support","event28":"Support was given by Player 4 to Player 2 for Player 2 to move to Eridanus","event29":"Support was not given by Player 5 to Player 2 for Player 2 to move to Eridanus","event30":"Support was not given by Player 5 to Player 3 for Player 3 to resist invasion by 2","event31":"Support was given by Player 4 to Player 2 for Player 2 to move to Eridanus","event32":"2 successfully moved to this province","event33":"Player 2 owns a bordering province, so gave themselves support","event34":"Player 2 owns a bordering province, so gave themselves support","event35":"Support was given by Player 1 to Player 5 for Player 5 to resist invasion by 2","event36":"Player 5 owns a bordering province, so gave themselves support","event37":"Support was not given by Player 3 to Player 5 for Player 5 to resist invasion by 2","event38":"Player 5 owns a bordering province, so gave themselves support","event39":"Support was given by Player 4 to Player 2 for Player 2 to move to Ursa Minor","event40":"Support was given by Player 1 to Player 5 for Player 5 to resist invasion by 2","event41":"Player 2 owns a bordering province, so gave themselves support","event42":"Support was given by Player 1 to Player 5 for Player 5 to resist invasion by 2","event43":"2 cannot move to this province, does not have enough support","event44":"Player 2 owns a bordering province, so gave themselves support","event45":"Support was given by Player 4 to Player 3 for Player 3 to move to Eridanus","event46":"Player 2 owns a bordering province, so gave themselves support","event47":"Support was not given by Player 5 to Player 3 for Player 3 to move to Eridanus","event48":"Support was not given by Player 5 to Player 2 for Player 2 to resist invasion by 3","event49":"Player 3 owns a bordering province, so gave themselves support","event50":"Support was given by Player 4 to Player 3 for Player 3 to move to Eridanus","event51":"Support was not given by Player 5 to Player 3 for Player 3 to move to Eridanus","event52":"Support was not given by Player 5 to Player 2 for Player 2 to resist invasion by 3","event53":"Support was given by Player 4 to Player 3 for Player 3 to move to Eridanus","event54":"3 successfully moved to this province","event55":"Support was given by Player 3 to Player 4 for Player 4 to move to Ursa Minor","event56":"Support was given by Player 2 to Player 4 for Player 4 to move to Ursa Minor","event57":"Support was given by Player 1 to Player 4 for Player 4 to move to Ursa Minor","event58":"Player 5 owns a bordering province, so gave themselves support","event59":"Support was given by Player 3 to Player 4 for Player 4 to move to Ursa Minor","event60":"Player 5 owns a bordering province, so gave themselves support","event61":"Player 4 owns a bordering province, so gave themselves support","event62":"Support was given by Player 1 to Player 4 for Player 4 to move to Ursa Minor","event63":"Support was given by Player 2 to Player 4 for Player 4 to move to Ursa Minor","event64":"Support was given by Player 1 to Player 4 for Player 4 to move to Ursa Minor","event65":"4 successfully moved to this province","event66":"Support was not given by Player 1 to Player 5 for Player 5 to move to Eridanus","event67":"Support was not given by Player 2 to Player 5 for Player 5 to move to Eridanus","event68":"Support was given by Player 4 to Player 5 for Player 5 to move to Eridanus","event69":"Support was not given by Player 2 to Player 5 for Player 5 to move to Eridanus","event70":"Support was given by Player 4 to Player 5 for Player 5 to move to Eridanus","event71":"Player 3 owns a bordering province, so gave themselves support","event72":"Support was given by Player 4 to Player 5 for Player 5 to move to Eridanus","event73":"Player 5 owns a bordering province, so gave themselves support","event74":"Support was given by Player 4 to Player 5 for Player 5 to move to Eridanus",