{"player0":{"player_lst":[],"trustworthiness":0.842449353772408,"trusting":0.5175337962132938,"expansionist":0.7439933929739098,"likelihood_of_alliance":0.1398826957520678,"isolationist":0.22602494265726447,"player_id":0,"player_opinions":{"1":{"player_id":1,"score":0.0013717421124828531},"2":{"player_id":2,"score":0.2222222222222222},"3":{"player_id":3,"score":1},"4":{"player_id":4,"score":128}}},"player1":{"player_lst":[],"trustworthiness":0.22297568058963835,"trusting":0.6830783675067131,"expansionist":0.3321045352173557,"likelihood_of_alliance":0.4695736784186846,"isolationist":0.06107689560232821,"player_id":1,"player_opinions":{"0":{"player_id":0,"score":0.004115226337448559},"2":{"player_id":2,"score":2},"3":{"player_id":3,"score":0.012345679012345678},"4":{"player_id":4,"score":8}}},"player2":{"player_lst":[],"trustworthiness":0.5866455890811386,"trusting":0.38194310306348145,"expansionist":0.2891277959231404,"likelihood_of_alliance":0.95427785792136,"isolationist":0.4728636477411947,"player_id":2,"player_opinions":{"0":{"player_id":0,"score":0.3333333333333333},"1":{"player_id":1,"score":2},"3":{"player_id":3,"score":8},"4":{"player_id":4,"score":128}}},"player3":{"player_lst":[],"trustworthiness":0.40308891724005025,"trusting":0.7881247811015366,"expansionist":0.3344552495633675,"likelihood_of_alliance":0.25736294581764585,"isolationist":0.3123600909212656,"player_id":3,"player_opinions":{"0":{"player_id":0,"score":2},"1":{"player_id":1,"score":0.3333333333333333},"2":{"player_id":2,"score":4},"4":{"player_id":4,"score":256}}},"player4":{"player_lst":[],"trustworthiness":0.49321167931933685,"trusting":0.8687189742078039,"expansionist":0.31166969981591386,"likelihood_of_alliance":0.7642256403519978,"isolationist":0.46655678521684174,"player_id":4,"player_opinions":{"0":{"player_id":0,"score":2},"1":{"player_id":1,"score":256},"2":{"player_id":2,"score":4},"3":{"player_id":3,"score":512}}},"event0":"Player 5 accepted Player 1 alliance request","event1":"Player 5 rejected Player 2 alliance request","event2":"Player 5 accepted Player 3 alliance request","event3":"Player 5 accepted Player 4 alliance request","event4":"Player 2 rejected Player 5 alliance request","event5":"Player 4 rejected Player 1 alliance request","event6":"Player 5 accepted Player 2 alliance request","event7":"Player 4 accepted Player 3 alliance request","event8":"Player 2 rejected Player 4 alliance request","event9":"Support was given by Player 5 to Player 1 for Player 1 to move to Canis Minor","event10":"Support was given by Player 5 to Player 1 for Player 1 to move to Canis Minor","event11":"Support was given by Player 5 to Player 1 for Player 1 to move to Canis Minor","event12":"Player 1 owns a bordering province, so gave themselves support","event13":"Player 2 owns a bordering province, so gave themselves support","event14":"Player 2 owns a bordering province, so gave themselves support","event15":"1 successfully moved to this province","event16":"Support was given by Player 5 to Player 2 for Player 2 to move to Canis Minor","event17":"Support was given by Player 5 to Player 2 for Player 2 to move to Canis Minor","event18":"Support was given by Player 5 to Player 2 for Player 2 to move to Canis Minor","event19":"Player 1 owns a bordering province, so gave themselves support","event20":"Player 2 owns a bordering province, so gave themselves support","event21":"Player 2 owns a bordering province, so gave themselves support","event22":"2 successfully moved to this province","event23":"Support was given by Player 5 to Player 3 for Player 3 to move to Cepheus","event24":"Player 3 owns a bordering province, so gave themselves support","event25":"Support was given by Player 5 to Player 3 for Player 3 to move to Cepheus","event26":"Player 4 owns a bordering province, so gave themselves support","event27":"Player 4 owns a bordering province, so gave themselves support","event28":"Player 3 owns a bordering province, so gave themselves support","event29":"3 successfully moved to this province","event30":"Support was given by Player 5 to Player 4 for Player 4 to move to Cepheus","event31":"Player 3 owns a bordering province, so gave themselves support","event32":"Support was given by Player 5 to Player 4 for Player 4 to move to Cepheus","event33":"Player 4 owns a bordering province, so gave themselves support","event34":"Player 4 owns a bordering province, so gave themselves support","event35":"Player 3 owns a bordering province, so gave themselves support","event36":"4 successfully moved to this province","event37":"Support was given by Player 4 to Player 5 for Player 5 to move to Canis Major","event38":"Support was given by Player 2 to Player 5 for Player 5 to move to Canis Major","event39":"Support was given by Player 3 to Player 5 for Player 5 to move to Canis Major","event40":"Player 1 owns a bordering province, so gave themselves support","event41":"Player 5 owns a bordering province, so gave themselves support","event42":"Player 1 owns a bordering province, so gave themselves support","event43":"Support was given by Player 2 to Player 5 for Player 5 to move to Canis Major","event44":"Support was given by Player 2 to Player 5 for Player 5 to move to Canis Major","event45":"5 successfully moved to this province","event46":"Player 1 owns a bordering province, so gave themselves support","event47":"Support was not given by Player 2 to Player 5 for Player 5 to resist invasion by 1","event48":"Player 5 owns a bordering province, so gave themselves support","event49":"Player 5 owns a bordering province, so gave themselves support","event50":"Support was not given by Player 2 to Player 5 for Player 5 to resist invasion by 1","event51":"Support was given by Player 3 to Player 5 for Player 5 to resist invasion by 1","event52":"Player 5 owns a bordering province, so gave themselves support","event53":"Player 1 owns a bordering province, so gave themselves support","event54":"1 cannot move to this province, does not have enough support","event55":"Support was not given by Player 1 to Player 5 for Player 5 to resist invasion by 2","event56":"Player 2 owns a bordering province, so gave themselves support","event57":"Player 5 owns a bordering province, so gave themselves support","event58":"Player 5 owns a bordering province, so gave themselves support","event59":"Player 2 owns a bordering province, so gave themselves support","event60":"Support was given by Player 3 to Player 5 for Player 5 to resist invasion by 2","event61":"Player 5 owns a bordering province, so gave themselves support","event62":"Support was not given by Player 1 to Player 5 for Player 5 to resist invasion by 2","event63":"2 cannot move to this province, does not have enough support","event64":"Support was given by Player 5 to Player 3 for Player 3 to move to Cepheus","event65":"Player 3 owns a bordering province, so gave themselves support","event66":"Support was given by Player 5 to Player 3 for Player 3 to move to Cepheus","event67":"Player 4 owns a bordering province, so gave themselves support","event68":"Player 4 owns a bordering province, so gave themselves support","event69":"Player 3 owns a bordering province, so gave themselves support","event70":"3 successfully moved to this province","event71":"Support was given by Player 5 to Player 4 for Player 4 to move to Cygnus","event72":"Player 4 owns a bordering province, so gave themselves support","event73":"Support was given by Player 5 to Player 4 for Player 4 to move to Cygnus","event74":"Player 3 owns a bordering province, so gave themselves support","event75":"Support was given by Player 5 to Player 4 for Player 4 to move to Cygnus","event76":"4 successfully moved to this province","event77":"Player 5 owns a bordering province, so gave themselves support","event78":"Player 3 owns a bordering province, so gave themselves support","event79":"Player 5 owns a bordering province, so gave themselves support",