{"player0":{"player_lst":[],"trustworthiness":0.04285302471892649,"trusting":0.9830404299152946,"expansionist":0.23010001132080626,"likelihood_of_alliance":0.39586325180510906,"isolationist":0.1738037410229365,"player_id":0,"player_opinions":{"1":{"player_id":1,"score":1},"2":{"player_id":2,"score":64},"3":{"player_id":3,"score":0.07407407407407407},"4":{"player_id":4,"score":0.14814814814814814}}},"player1":{"player_lst":[],"trustworthiness":0.81799433187372,"trusting":0.9034429886504909,"expansionist":0.20630371707432404,"likelihood_of_alliance":0.053034170551799154,"isolationist":0.8838366097788157,"player_id":1,"player_opinions":{"0":{"player_id":0,"score":1},"2":{"player_id":2,"score":4},"3":{"player_id":3,"score":1},"4":{"player_id":4,"score":1}}},"player2":{"player_lst":[],"trustworthiness":0.9771304232817211,"trusting":0.945883502374743,"expansionist":0.967414855797246,"likelihood_of_alliance":0.7221798586794084,"isolationist":0.5465467891824751,"player_id":2,"player_opinions":{"0":{"player_id":0,"score":1},"1":{"player_id":1,"score":1},"3":{"player_id":3,"score":32},"4":{"player_id":4,"score":0.0001354807024674423}}},"player3":{"player_lst":[],"trustworthiness":0.317455933571932,"trusting":0.14931940873624638,"expansionist":0.9148956077617902,"likelihood_of_alliance":0.8392397290287958,"isolationist":0.23429954381915685,"player_id":3,"player_opinions":{"0":{"player_id":0,"score":1},"1":{"player_id":1,"score":1},"2":{"player_id":2,"score":8},"4":{"player_id":4,"score":0.000003763352846317842}}},"player4":{"player_lst":[],"trustworthiness":0.02168129789053408,"trusting":0.5904391600360248,"expansionist":0.13779362380929117,"likelihood_of_alliance":0.07375403051382001,"isolationist":0.13183701802325376,"player_id":4,"player_opinions":{"0":{"player_id":0,"score":1},"1":{"player_id":1,"score":1},"2":{"player_id":2,"score":0.0013717421124828531},"3":{"player_id":3,"score":2.323057312541878e-8}}},"event0":"Player 5 rejected Player 1 alliance request","event1":"Player 5 rejected Player 2 alliance request","event2":"Player 5 rejected Player 3 alliance request","event3":"Player 5 rejected Player 4 alliance request","event4":"Player 4 accepted Player 5 alliance request","event5":"Player 5 rejected Player 1 alliance request","event6":"Player 5 rejected Player 2 alliance request","event7":"Player 5 rejected Player 3 alliance request","event8":"Player 3 accepted Player 4 alliance request","event9":"Player 3 accepted Player 5 alliance request","event10":"Support was given by Player 3 to Player 5 for Player 5 to resist invasion by 1","event11":"Player 1 owns a bordering province, so gave themselves support","event12":"Support was not given by Player 4 to Player 5 for Player 5 to resist invasion by 1","event13":"Player 1 owns a bordering province, so gave themselves support","event14":"1 successfully moved to this province","event15":"Support was not given by Player 4 to Player 3 for Player 3 to resist invasion by 1","event16":"Support was not given by Player 4 to Player 3 for Player 3 to resist invasion by 1","event17":"Player 1 owns a bordering province, so gave themselves support","event18":"Player 3 owns a bordering province, so gave themselves support","event19":"Player 3 owns a bordering province, so gave themselves support","event20":"Support was not given by Player 5 to Player 3 for Player 3 to resist invasion by 1","event21":"1 cannot move to this province, does not have enough support","event22":"Player 2 owns a bordering province, so gave themselves support","event23":"Player 1 owns a bordering province, so gave themselves support","event24":"Player 2 owns a bordering province, so gave themselves support","event25":"Player 1 owns a bordering province, so gave themselves support","event26":"2 cannot move to this province, does not have enough support","event27":"Player 3 owns a bordering province, so gave themselves support","event28":"Support was not given by Player 5 to Player 3 for Player 3 to move to Perseus","event29":"Support was not given by Player 5 to Player 4 for Player 4 to resist invasion by 3","event30":"Player 4 owns a bordering province, so gave themselves support","event31":"Support was not given by Player 5 to Player 3 for Player 3 to move to Perseus","event32":"Support was not given by Player 5 to Player 4 for Player 4 to resist invasion by 3","event33":"Player 4 owns a bordering province, so gave themselves support","event34":"3 cannot move to this province, does not have enough support","event35":"Support was not given by Player 5 to Player 4 for Player 4 to move to Andromeda","event36":"Support was not given by Player 5 to Player 3 for Player 3 to resist invasion by 4","event37":"Support was not given by Player 5 to Player 4 for Player 4 to move to Andromeda","event38":"Support was not given by Player 5 to Player 3 for Player 3 to resist invasion by 4","event39":"Player 3 owns a bordering province, so gave themselves support","event40":"Player 3 owns a bordering province, so gave themselves support","event41":"Player 4 owns a bordering province, so gave themselves support","event42":"4 cannot move to this province, does not have enough support","event43":"Support was not given by Player 4 to Player 5 for Player 5 to move to Cepheus","event44":"Support was not given by Player 4 to Player 3 for Player 3 to resist invasion by 5","event45":"Support was not given by Player 4 to Player 5 for Player 5 to move to Cepheus","event46":"Support was not given by Player 4 to Player 3 for Player 3 to resist invasion by 5","event47":"Player 3 owns a bordering province, so gave themselves support","event48":"Player 3 owns a bordering province, so gave themselves support","event49":"Player 5 owns a bordering province, so gave themselves support","event50":"5 cannot move to this province, does not have enough support","event51":"Support was given by Player 3 to Player 4 for Player 4 to resist invasion by 1","event52":"Support was not given by Player 5 to Player 4 for Player 4 to resist invasion by 1","event53":"Player 4 owns a bordering province, so gave themselves support","event54":"Player 1 owns a bordering province, so gave themselves support","event55":"Support was not given by Player 5 to Player 4 for Player 4 to resist invasion by 1","event56":"Player 4 owns a bordering province, so gave themselves support","event57":"1 cannot move to this province, does not have enough support","event58":"Player 2 owns a bordering province, so gave themselves support","event59":"Player 1 owns a bordering province, so gave themselves support","event60":"Player 2 owns a bordering province, so gave themselves support","event61":"Player 1 owns a bordering province, so gave themselves support","event62":"2 cannot move to this province, does not have enough support","event63":"Player 3 owns a bordering province, so gave themselves support","event64":"Support was not given by Player 5 to Player 3 for Player 3 to move to Perseus","event65":"Support was not given by Player 5 to Player 4 for Player 4 to resist invasion by 3","event66":"Player 4 owns a bordering province, so gave themselves support","event67":"Support was not given by Player 5 to Player 3 for Player 3 to move to Perseus","event68":"Support was not given by Player 5 to Player 4 for Player 4 to resist invasion by 3","event69":"Player 4 owns a bordering province, so gave themselves support","event70":"3 cannot move to this province, does not have enough support","event71":"Support was not given by Player 5 to Player 4 for Player 4 to move to Andromeda","event72":"Support was not given by Player 5 to Player 3 for Player 3 to resist invasion by 4","event73":"Support was not given by Player 5 to Player 4 for Player 4 to move to Andromeda","event74":"Support was not given by Player 5 to Player 3 for Player 3 to resist invasion by 4","event75":"Player 3 owns a bordering province, so gave themselves support","event76":"Player 3 owns a bordering province, so gave themselves support",