{"player0":{"player_lst":[],"trustworthiness":0.193278806524398,"trusting":0.34324116126328286,"expansionist":0.3493925630280501,"likelihood_of_alliance":0.28187302059040076,"isolationist":0.6021809035183974,"player_id":0,"player_opinions":{"1":{"player_id":1,"score":16},"2":{"player_id":2,"score":0.037037037037037035},"3":{"player_id":3,"score":1},"4":{"player_id":4,"score":256}}},"player1":{"player_lst":[],"trustworthiness":0.6920060031971154,"trusting":0.9087579230586886,"expansionist":0.35568153977291117,"likelihood_of_alliance":0.12814361760676052,"isolationist":0.10818140229466189,"player_id":1,"player_opinions":{"0":{"player_id":0,"score":8},"2":{"player_id":2,"score":0.037037037037037035},"3":{"player_id":3,"score":1},"4":{"player_id":4,"score":128}}},"player2":{"player_lst":[],"trustworthiness":0.07700778953055498,"trusting":0.03085208678912843,"expansionist":0.38364380150838806,"likelihood_of_alliance":0.5067764392292544,"isolationist":0.5701718863508214,"player_id":2,"player_opinions":{"0":{"player_id":0,"score":0.0013717421124828531},"1":{"player_id":1,"score":0.0013717421124828531},"3":{"player_id":3,"score":1},"4":{"player_id":4,"score":4}}},"player3":{"player_lst":[],"trustworthiness":0.3510921344494997,"trusting":0.7308474122825184,"expansionist":0.059409848321528846,"likelihood_of_alliance":0.7029067314511162,"isolationist":0.9306670811577449,"player_id":3,"player_opinions":{"0":{"player_id":0,"score":0.000003763352846317842},"1":{"player_id":1,"score":0.7901234567901234},"2":{"player_id":2,"score":0.000007526705692635684},"4":{"player_id":4,"score":16}}},"player4":{"player_lst":[],"trustworthiness":0.3810441774507054,"trusting":0.2281373393113617,"expansionist":0.2635301466174471,"likelihood_of_alliance":0.9940332804858996,"isolationist":0.9200188324471494,"player_id":4,"player_opinions":{"0":{"player_id":0,"score":128},"1":{"player_id":1,"score":16},"2":{"player_id":2,"score":8},"3":{"player_id":3,"score":2.6666666666666665}}},"event0":"Player 5 accepted Player 1 alliance request","event1":"Player 5 accepted Player 2 alliance request","event2":"Player 5 accepted Player 3 alliance request","event3":"Player 5 accepted Player 4 alliance request","event4":"Player 4 accepted Player 1 alliance request","event5":"Player 4 rejected Player 2 alliance request","event6":"Player 4 accepted Player 3 alliance request","event7":"Player 2 rejected Player 4 alliance request","event8":"Player 1 owns a bordering province, so gave themselves support","event9":"Player 4 owns a bordering province, so gave themselves support","event10":"Player 4 owns a bordering province, so gave themselves support","event11":"Support was given by Player 5 to Player 1 for Player 1 to move to Sirius","event12":"1 cannot move to this province, does not have enough support","event13":"Support was given by Player 5 to Player 2 for Player 2 to move to Ursa Major","event14":"Player 2 owns a bordering province, so gave themselves support","event15":"Player 2 owns a bordering province, so gave themselves support","event16":"Player 1 owns a bordering province, so gave themselves support","event17":"Support was given by Player 5 to Player 2 for Player 2 to move to Ursa Major","event18":"2 successfully moved to this province","event19":"Player 4 owns a bordering province, so gave themselves support","event20":"Player 3 owns a bordering province, so gave themselves support","event21":"Player 4 owns a bordering province, so gave themselves support","event22":"Support was given by Player 5 to Player 3 for Player 3 to move to Cygnus","event23":"Support was given by Player 5 to Player 3 for Player 3 to move to Cygnus","event24":"Player 3 owns a bordering province, so gave themselves support","event25":"3 successfully moved to this province","event26":"Support was not given by Player 1 to Player 4 for Player 4 to move to Aquila","event27":"Support was not given by Player 1 to Player 5 for Player 5 to resist invasion by 4","event28":"Support was not given by Player 3 to Player 4 for Player 4 to move to Aquila","event29":"Support was not given by Player 3 to Player 5 for Player 5 to resist invasion by 4","event30":"Support was given by Player 2 to Player 5 for Player 5 to resist invasion by 4","event31":"Support was not given by Player 3 to Player 4 for Player 4 to move to Aquila","event32":"Support was not given by Player 3 to Player 5 for Player 5 to resist invasion by 4","event33":"Player 4 owns a bordering province, so gave themselves support","event34":"Player 5 owns a bordering province, so gave themselves support","event35":"Support was not given by Player 3 to Player 4 for Player 4 to move to Aquila","event36":"Support was not given by Player 3 to Player 5 for Player 5 to resist invasion by 4","event37":"Support was not given by Player 1 to Player 4 for Player 4 to move to Aquila","event38":"Support was not given by Player 1 to Player 5 for Player 5 to resist invasion by 4","event39":"Support was given by Player 2 to Player 5 for Player 5 to resist invasion by 4","event40":"Support was given by Player 2 to Player 5 for Player 5 to resist invasion by 4","event41":"Player 5 owns a bordering province, so gave themselves support","event42":"4 cannot move to this province, does not have enough support","event43":"Support was given by Player 4 to Player 5 for Player 5 to move to Cygnus","event44":"Player 3 owns a bordering province, so gave themselves support","event45":"Support was given by Player 2 to Player 5 for Player 5 to move to Cygnus","event46":"Support was given by Player 2 to Player 5 for Player 5 to move to Cygnus","event47":"Support was given by Player 4 to Player 5 for Player 5 to move to Cygnus","event48":"Support was given by Player 2 to Player 5 for Player 5 to move to Cygnus","event49":"Player 5 owns a bordering province, so gave themselves support","event50":"Player 5 owns a bordering province, so gave themselves support","event51":"Player 3 owns a bordering province, so gave themselves support","event52":"5 successfully moved to this province","event53":"Player 1 owns a bordering province, so gave themselves support","event54":"Player 4 owns a bordering province, so gave themselves support","event55":"Support was given by Player 5 to Player 1 for Player 1 to move to Sirius","event56":"Support was given by Player 5 to Player 1 for Player 1 to move to Sirius","event57":"1 successfully moved to this province","event58":"Player 5 owns a bordering province, so gave themselves support","event59":"Support was not given by Player 3 to Player 5 for Player 5 to resist invasion by 2","event60":"Player 5 owns a bordering province, so gave themselves support","event61":"Player 2 owns a bordering province, so gave themselves support","event62":"Player 5 owns a bordering province, so gave themselves support","event63":"Support was not given by Player 3 to Player 5 for Player 5 to resist invasion by 2","event64":"2 cannot move to this province, does not have enough support","event65":"Player 5 owns a bordering province, so gave themselves support","event66":"Player 3 owns a bordering province, so gave themselves support","event67":"Player 5 owns a bordering province, so gave themselves support","event68":"Support was not given by Player 2 to Player 5 for Player 5 to resist invasion by 3","event69":"Player 5 owns a bordering province, so gave themselves support","event70":"Player 3 owns a bordering province, so gave themselves support","event71":"3 cannot move to this province, does not have enough support","event72":"Player 4 owns a bordering province, so gave themselves support","event73":"Support was not given by Player 3 to Player 4 for Player 4 to move to Cygnus","event74":"Support was not given by Player 3 to Player 5 for Player 5 to resist invasion by 4","event75":"Support was given by Player 2 to Player 5 for Player 5 to resist invasion by 4","event76":"Support was given by Player 2 to Player 5 for Player 5 to resist invasion by 4",