{"player0":{"player_lst":[],"trustworthiness":0.022886514705308558,"trusting":0.0037730824967208143,"expansionist":0.755750866760087,"likelihood_of_alliance":0.9339318492455884,"isolationist":0.9973946591992264,"player_id":0,"player_opinions":{"1":{"player_id":1,"score":4},"2":{"player_id":2,"score":4},"3":{"player_id":3,"score":2.0907515812876902e-7},"4":{"player_id":4,"score":0.04938271604938271}}},"player1":{"player_lst":[],"trustworthiness":0.6204754584335712,"trusting":0.9278363730218757,"expansionist":0.9847262572855688,"likelihood_of_alliance":0.4731535206978208,"isolationist":0.7286536990411405,"player_id":1,"player_opinions":{"0":{"player_id":0,"score":0.3333333333333333},"2":{"player_id":2,"score":128},"3":{"player_id":3,"score":256},"4":{"player_id":4,"score":4}}},"player2":{"player_lst":[],"trustworthiness":0.7496361119008104,"trusting":0.22011056412886187,"expansionist":0.8962002260890327,"likelihood_of_alliance":0.7129461074792316,"isolationist":0.2181513776125641,"player_id":2,"player_opinions":{"0":{"player_id":0,"score":1},"1":{"player_id":1,"score":64},"3":{"player_id":3,"score":4096},"4":{"player_id":4,"score":1}}},"player3":{"player_lst":[],"trustworthiness":0.6070780876077502,"trusting":0.9362423732463725,"expansionist":0.45821750235592806,"likelihood_of_alliance":0.944492151572115,"isolationist":0.6775988535680353,"player_id":3,"player_opinions":{"0":{"player_id":0,"score":0.00003387017561686058},"1":{"player_id":1,"score":128},"2":{"player_id":2,"score":64},"4":{"player_id":4,"score":1}}},"player4":{"player_lst":[],"trustworthiness":0.18736785058418137,"trusting":0.7101531286254041,"expansionist":0.07848674718882354,"likelihood_of_alliance":0.9066015825600788,"isolationist":0.9291083895856045,"player_id":4,"player_opinions":{"0":{"player_id":0,"score":2},"1":{"player_id":1,"score":4},"2":{"player_id":2,"score":2},"3":{"player_id":3,"score":32}}},"event0":"Player 5 accepted Player 1 alliance request","event1":"Player 5 rejected Player 2 alliance request","event2":"Player 5 accepted Player 3 alliance request","event3":"Player 5 accepted Player 4 alliance request","event4":"Player 2 accepted Player 5 alliance request","event5":"Player 4 accepted Player 1 alliance request","event6":"Player 4 accepted Player 2 alliance request","event7":"Player 4 accepted Player 3 alliance request","event8":"Player 1 owns a bordering province, so gave themselves support","event9":"Support was given by Player 5 to Player 1 for Player 1 to move to Eridanus","event10":"Support was given by Player 5 to Player 1 for Player 1 to move to Eridanus","event11":"Support was given by Player 2 to Player 4 for Player 4 to resist invasion by 1","event12":"Player 4 owns a bordering province, so gave themselves support","event13":"Support was given by Player 3 to Player 4 for Player 4 to resist invasion by 1","event14":"Player 4 owns a bordering province, so gave themselves support","event15":"1 cannot move to this province, does not have enough support","event16":"Support was given by Player 4 to Player 2 for Player 2 to move to Sirius","event17":"Player 2 owns a bordering province, so gave themselves support","event18":"Support was given by Player 3 to Player 5 for Player 5 to resist invasion by 2","event19":"Player 2 owns a bordering province, so gave themselves support","event20":"Support was given by Player 4 to Player 2 for Player 2 to move to Sirius","event21":"Support was given by Player 4 to Player 2 for Player 2 to move to Sirius","event22":"Player 5 owns a bordering province, so gave themselves support","event23":"Support was given by Player 3 to Player 5 for Player 5 to resist invasion by 2","event24":"Player 5 owns a bordering province, so gave themselves support","event25":"Support was given by Player 3 to Player 5 for Player 5 to resist invasion by 2","event26":"2 cannot move to this province, does not have enough support","event27":"Support was given by Player 4 to Player 3 for Player 3 to move to Sirius","event28":"Support was given by Player 2 to Player 5 for Player 5 to resist invasion by 3","event29":"Player 3 owns a bordering province, so gave themselves support","event30":"Support was given by Player 2 to Player 5 for Player 5 to resist invasion by 3","event31":"Support was given by Player 4 to Player 3 for Player 3 to move to Sirius","event32":"Support was given by Player 4 to Player 3 for Player 3 to move to Sirius","event33":"Player 5 owns a bordering province, so gave themselves support","event34":"Player 3 owns a bordering province, so gave themselves support","event35":"Player 5 owns a bordering province, so gave themselves support","event36":"Player 3 owns a bordering province, so gave themselves support","event37":"3 successfully moved to this province","event38":"Player 4 owns a bordering province, so gave themselves support","event39":"Support was not given by Player 1 to Player 4 for Player 4 to move to Cygnus","event40":"Support was not given by Player 1 to Player 5 for Player 5 to resist invasion by 4","event41":"Support was not given by Player 1 to Player 4 for Player 4 to move to Cygnus","event42":"Support was not given by Player 1 to Player 5 for Player 5 to resist invasion by 4","event43":"Support was given by Player 2 to Player 4 for Player 4 to move to Cygnus","event44":"Support was not given by Player 1 to Player 4 for Player 4 to move to Cygnus","event45":"Support was not given by Player 1 to Player 5 for Player 5 to resist invasion by 4","event46":"Player 5 owns a bordering province, so gave themselves support","event47":"Support was given by Player 3 to Player 4 for Player 4 to move to Cygnus","event48":"Support was given by Player 3 to Player 4 for Player 4 to move to Cygnus","event49":"4 successfully moved to this province","event50":"Support was given by Player 4 to Player 5 for Player 5 to move to Sirius","event51":"Support was given by Player 2 to Player 5 for Player 5 to move to Sirius","event52":"Player 3 owns a bordering province, so gave themselves support","event53":"Support was given by Player 2 to Player 5 for Player 5 to move to Sirius","event54":"Support was given by Player 4 to Player 5 for Player 5 to move to Sirius","event55":"Support was given by Player 4 to Player 5 for Player 5 to move to Sirius","event56":"Support was given by Player 4 to Player 5 for Player 5 to move to Sirius","event57":"Player 3 owns a bordering province, so gave themselves support","event58":"Player 5 owns a bordering province, so gave themselves support","event59":"Player 3 owns a bordering province, so gave themselves support","event60":"5 successfully moved to this province","event61":"Player 4 owns a bordering province, so gave themselves support","event62":"Player 1 owns a bordering province, so gave themselves support","event63":"Player 1 owns a bordering province, so gave themselves support","event64":"Support was given by Player 2 to Player 4 for Player 4 to resist invasion by 1","event65":"Player 1 owns a bordering province, so gave themselves support","event66":"Support was not given by Player 5 to Player 1 for Player 1 to move to Cygnus","event67":"Support was not given by Player 5 to Player 4 for Player 4 to resist invasion by 1","event68":"Support was given by Player 3 to Player 4 for Player 4 to resist invasion by 1","event69":"Support was not given by Player 5 to Player 1 for Player 1 to move to Cygnus","event70":"Support was not given by Player 5 to Player 4 for Player 4 to resist invasion by 1","event71":"1 cannot move to this province, does not have enough support","event72":"Support was not given by Player 1 to Player 4 for Player 4 to resist invasion by 2","event73":"Player 4 owns a bordering province, so gave themselves support","event74":"Support was given by Player 5 to Player 2 for Player 2 to move to Eridanus","event75":"Player 2 owns a bordering province, so gave themselves support","event76":"Player 4 owns a bordering province, so gave themselves support",