{"player0":{"player_lst":[],"trustworthiness":0.725944806776148,"trusting":0.5548852710631669,"expansionist":0.15595651428098156,"likelihood_of_alliance":0.08928951585366218,"isolationist":0.28566473353955635,"player_id":0,"player_opinions":{"1":{"player_id":1,"score":8},"2":{"player_id":2,"score":1},"3":{"player_id":3,"score":8},"4":{"player_id":4,"score":4096}}},"player1":{"player_lst":[],"trustworthiness":0.49799699887301974,"trusting":0.3742560117826601,"expansionist":0.945410349737352,"likelihood_of_alliance":0.7773265145803829,"isolationist":0.12786639680319256,"player_id":1,"player_opinions":{"0":{"player_id":0,"score":32},"2":{"player_id":2,"score":0.3333333333333333},"3":{"player_id":3,"score":4},"4":{"player_id":4,"score":64}}},"player2":{"player_lst":[],"trustworthiness":0.5262119029369292,"trusting":0.5663795727016039,"expansionist":0.1402399789901505,"likelihood_of_alliance":0.2629988120374831,"isolationist":0.36730912267182503,"player_id":2,"player_opinions":{"0":{"player_id":0,"score":0.037037037037037035},"1":{"player_id":1,"score":0.004115226337448559},"3":{"player_id":3,"score":4},"4":{"player_id":4,"score":8}}},"player3":{"player_lst":[],"trustworthiness":0.9160377941250799,"trusting":0.6507995212962057,"expansionist":0.026439701613252486,"likelihood_of_alliance":0.37126779525211884,"isolationist":0.516298516601922,"player_id":3,"player_opinions":{"0":{"player_id":0,"score":8},"1":{"player_id":1,"score":8},"2":{"player_id":2,"score":2},"4":{"player_id":4,"score":3.5407061614721505e-12}}},"player4":{"player_lst":[],"trustworthiness":0.2716524147766306,"trusting":0.18310474579757563,"expansionist":0.06267088436282853,"likelihood_of_alliance":0.8826588239193425,"isolationist":0.19441208253984166,"player_id":4,"player_opinions":{"0":{"player_id":0,"score":256},"1":{"player_id":1,"score":32},"2":{"player_id":2,"score":2},"3":{"player_id":3,"score":0.2222222222222222}}},"event0":"Player 5 rejected Player 1 alliance request","event1":"Player 5 accepted Player 2 alliance request","event2":"Player 5 accepted Player 3 alliance request","event3":"Player 5 accepted Player 4 alliance request","event4":"Player 1 rejected Player 5 alliance request","event5":"Player 5 accepted Player 1 alliance request","event6":"Player 4 rejected Player 2 alliance request","event7":"Player 4 rejected Player 3 alliance request","event8":"Player 3 rejected Player 4 alliance request","event9":"Support was given by Player 5 to Player 1 for Player 1 to move to Ursa Major","event10":"Support was given by Player 5 to Player 1 for Player 1 to move to Ursa Major","event11":"Player 3 owns a bordering province, so gave themselves support","event12":"Support was given by Player 5 to Player 1 for Player 1 to move to Ursa Major","event13":"Player 1 owns a bordering province, so gave themselves support","event14":"Player 3 owns a bordering province, so gave themselves support","event15":"1 successfully moved to this province","event16":"Support was given by Player 5 to Player 2 for Player 2 to move to Cassiopeia","event17":"Player 4 owns a bordering province, so gave themselves support","event18":"Player 4 owns a bordering province, so gave themselves support","event19":"Support was given by Player 5 to Player 2 for Player 2 to move to Cassiopeia","event20":"Player 2 owns a bordering province, so gave themselves support","event21":"2 successfully moved to this province","event22":"Player 5 owns a bordering province, so gave themselves support","event23":"Support was given by Player 1 to Player 5 for Player 5 to resist invasion by 2","event24":"Support was given by Player 1 to Player 5 for Player 5 to resist invasion by 2","event25":"Player 2 owns a bordering province, so gave themselves support","event26":"Player 5 owns a bordering province, so gave themselves support","event27":"Player 2 owns a bordering province, so gave themselves support","event28":"Player 2 owns a bordering province, so gave themselves support","event29":"2 cannot move to this province, does not have enough support","event30":"Support was given by Player 5 to Player 3 for Player 3 to move to Ursa Major","event31":"Support was given by Player 5 to Player 3 for Player 3 to move to Ursa Major","event32":"Player 3 owns a bordering province, so gave themselves support","event33":"Support was given by Player 5 to Player 3 for Player 3 to move to Ursa Major","event34":"Player 1 owns a bordering province, so gave themselves support","event35":"Player 3 owns a bordering province, so gave themselves support","event36":"3 successfully moved to this province","event37":"Support was not given by Player 5 to Player 4 for Player 4 to move to Ursa Major","event38":"Support was not given by Player 5 to Player 3 for Player 3 to resist invasion by 4","event39":"Support was not given by Player 5 to Player 4 for Player 4 to move to Ursa Major","event40":"Support was not given by Player 5 to Player 3 for Player 3 to resist invasion by 4","event41":"Player 3 owns a bordering province, so gave themselves support","event42":"Support was not given by Player 5 to Player 4 for Player 4 to move to Ursa Major","event43":"Support was not given by Player 5 to Player 3 for Player 3 to resist invasion by 4","event44":"Player 4 owns a bordering province, so gave themselves support","event45":"Player 3 owns a bordering province, so gave themselves support","event46":"4 cannot move to this province, does not have enough support","event47":"Support was not given by Player 4 to Player 5 for Player 5 to move to Canis Major","event48":"Support was given by Player 1 to Player 5 for Player 5 to move to Canis Major","event49":"Support was given by Player 2 to Player 5 for Player 5 to move to Canis Major","event50":"Support was given by Player 2 to Player 5 for Player 5 to move to Canis Major","event51":"Support was given by Player 1 to Player 5 for Player 5 to move to Canis Major","event52":"Support was given by Player 1 to Player 5 for Player 5 to move to Canis Major","event53":"Player 3 owns a bordering province, so gave themselves support","event54":"Player 3 owns a bordering province, so gave themselves support","event55":"Player 5 owns a bordering province, so gave themselves support","event56":"5 successfully moved to this province","event57":"Support was given by Player 5 to Player 1 for Player 1 to move to Ursa Major","event58":"Support was given by Player 5 to Player 1 for Player 1 to move to Ursa Major","event59":"Player 3 owns a bordering province, so gave themselves support","event60":"Support was given by Player 5 to Player 1 for Player 1 to move to Ursa Major","event61":"Player 1 owns a bordering province, so gave themselves support","event62":"Support was given by Player 5 to Player 1 for Player 1 to move to Ursa Major","event63":"1 successfully moved to this province","event64":"Player 2 owns a bordering province, so gave themselves support","event65":"Support was given by Player 5 to Player 2 for Player 2 to move to Ursa Major","event66":"Support was given by Player 5 to Player 2 for Player 2 to move to Ursa Major","event67":"Support was given by Player 5 to Player 2 for Player 2 to move to Ursa Major","event68":"Player 1 owns a bordering province, so gave themselves support","event69":"Support was given by Player 5 to Player 2 for Player 2 to move to Ursa Major","event70":"2 successfully moved to this province","event71":"Support was given by Player 4 to Player 5 for Player 5 to resist invasion by 3","event72":"Player 5 owns a bordering province, so gave themselves support","event73":"Player 3 owns a bordering province, so gave themselves support","event74":"Support was not given by Player 2 to Player 5 for Player 5 to resist invasion by 3","event75":"Support was not given by Player 1 to Player 5 for Player 5 to resist invasion by 3","event76":"Support was not given by Player 1 to Player 5 for Player 5 to resist invasion by 3","event77":"Player 5 owns a bordering province, so gave themselves support",