{"player0":{"player_lst":[],"trustworthiness":0.8494611116888207,"trusting":0.5264542622829333,"expansionist":0.7211317900505803,"likelihood_of_alliance":0.5876593180754188,"isolationist":0.5694895680767806,"player_id":0,"player_opinions":{"1":{"player_id":1,"score":2.6666666666666665},"2":{"player_id":2,"score":32},"3":{"player_id":3,"score":128},"4":{"player_id":4,"score":0.00030483158055174517}}},"player1":{"player_lst":[],"trustworthiness":0.07272933763331202,"trusting":0.23711660872617313,"expansionist":0.9377064547159071,"likelihood_of_alliance":0.6755891294690568,"isolationist":0.4299447773630425,"player_id":1,"player_opinions":{"0":{"player_id":0,"score":64},"2":{"player_id":2,"score":0.00015241579027587258},"3":{"player_id":3,"score":32},"4":{"player_id":4,"score":0.012345679012345678}}},"player2":{"player_lst":[],"trustworthiness":0.408264477926086,"trusting":0.6400804097221819,"expansionist":0.48999437231471843,"likelihood_of_alliance":0.14364301898180964,"isolationist":0.7260101886612171,"player_id":2,"player_opinions":{"0":{"player_id":0,"score":8},"1":{"player_id":1,"score":0.004115226337448559},"3":{"player_id":3,"score":32},"4":{"player_id":4,"score":0.012345679012345678}}},"player3":{"player_lst":[],"trustworthiness":0.15765138960999514,"trusting":0.8756828837441795,"expansionist":0.9418453245520337,"likelihood_of_alliance":0.40999966569815705,"isolationist":0.004381012619286251,"player_id":3,"player_opinions":{"0":{"player_id":0,"score":1},"1":{"player_id":1,"score":4},"2":{"player_id":2,"score":128},"4":{"player_id":4,"score":0.00015241579027587258}}},"player4":{"player_lst":[],"trustworthiness":0.0005666510255073476,"trusting":0.1346640751060535,"expansionist":0.40289286035038585,"likelihood_of_alliance":0.6860213180872397,"isolationist":0.18798267498492893,"player_id":4,"player_opinions":{"0":{"player_id":0,"score":0.0013717421124828531},"1":{"player_id":1,"score":0.0027434842249657062},"2":{"player_id":2,"score":0.000007526705692635684},"3":{"player_id":3,"score":0.00003387017561686058}}},"event0":"Player 5 rejected Player 1 alliance request","event1":"Player 5 accepted Player 2 alliance request","event2":"Player 5 accepted Player 3 alliance request","event3":"Player 5 rejected Player 4 alliance request","event4":"Player 4 rejected Player 5 alliance request","event5":"Player 5 rejected Player 1 alliance request","event6":"Player 4 accepted Player 2 alliance request","event7":"Player 4 accepted Player 3 alliance request","event8":"Player 5 accepted Player 4 alliance request","event9":"Player 1 accepted Player 5 alliance request","event10":"Support was not given by Player 5 to Player 1 for Player 1 to move to Ursa Major","event11":"Support was not given by Player 5 to Player 2 for Player 2 to resist invasion by 1","event12":"Player 1 owns a bordering province, so gave themselves support","event13":"Support was not given by Player 5 to Player 1 for Player 1 to move to Ursa Major","event14":"Support was not given by Player 5 to Player 2 for Player 2 to resist invasion by 1","event15":"Player 2 owns a bordering province, so gave themselves support","event16":"Support was not given by Player 5 to Player 1 for Player 1 to move to Ursa Major","event17":"Support was not given by Player 5 to Player 2 for Player 2 to resist invasion by 1","event18":"Player 2 owns a bordering province, so gave themselves support","event19":"1 cannot move to this province, does not have enough support","event20":"Player 2 owns a bordering province, so gave themselves support","event21":"Support was not given by Player 5 to Player 2 for Player 2 to move to Andromeda","event22":"Support was not given by Player 5 to Player 4 for Player 4 to resist invasion by 2","event23":"Player 4 owns a bordering province, so gave themselves support","event24":"Player 4 owns a bordering province, so gave themselves support","event25":"Player 2 owns a bordering province, so gave themselves support","event26":"2 cannot move to this province, does not have enough support","event27":"Support was given by Player 4 to Player 3 for Player 3 to move to Sirius","event28":"Player 3 owns a bordering province, so gave themselves support","event29":"Player 3 owns a bordering province, so gave themselves support","event30":"Support was given by Player 1 to Player 5 for Player 5 to resist invasion by 3","event31":"Support was not given by Player 2 to Player 5 for Player 5 to resist invasion by 3","event32":"Player 5 owns a bordering province, so gave themselves support","event33":"Support was given by Player 4 to Player 3 for Player 3 to move to Sirius","event34":"Player 5 owns a bordering province, so gave themselves support","event35":"3 successfully moved to this province","event36":"Player 4 owns a bordering province, so gave themselves support","event37":"Support was given by Player 3 to Player 4 for Player 4 to move to Orion","event38":"Support was not given by Player 5 to Player 4 for Player 4 to move to Orion","event39":"Support was not given by Player 5 to Player 2 for Player 2 to resist invasion by 4","event40":"Player 2 owns a bordering province, so gave themselves support","event41":"Support was given by Player 3 to Player 4 for Player 4 to move to Orion","event42":"Player 2 owns a bordering province, so gave themselves support","event43":"4 successfully moved to this province","event44":"Support was not given by Player 4 to Player 5 for Player 5 to move to Canis Major","event45":"Support was not given by Player 4 to Player 2 for Player 2 to resist invasion by 5","event46":"Support was not given by Player 4 to Player 5 for Player 5 to move to Canis Major","event47":"Support was not given by Player 4 to Player 2 for Player 2 to resist invasion by 5","event48":"Support was not given by Player 1 to Player 5 for Player 5 to move to Canis Major","event49":"Support was given by Player 3 to Player 5 for Player 5 to move to Canis Major","event50":"Support was not given by Player 4 to Player 5 for Player 5 to move to Canis Major","event51":"Support was not given by Player 4 to Player 2 for Player 2 to resist invasion by 5","event52":"Player 2 owns a bordering province, so gave themselves support","event53":"Player 5 owns a bordering province, so gave themselves support","event54":"Support was not given by Player 4 to Player 5 for Player 5 to move to Canis Major","event55":"Support was not given by Player 4 to Player 2 for Player 2 to resist invasion by 5","event56":"5 successfully moved to this province","event57":"Support was given by Player 4 to Player 5 for Player 5 to resist invasion by 1","event58":"Support was given by Player 4 to Player 5 for Player 5 to resist invasion by 1","event59":"Player 1 owns a bordering province, so gave themselves support","event60":"Support was given by Player 3 to Player 5 for Player 5 to resist invasion by 1","event61":"Support was given by Player 4 to Player 5 for Player 5 to resist invasion by 1","event62":"Support was not given by Player 2 to Player 5 for Player 5 to resist invasion by 1","event63":"Player 5 owns a bordering province, so gave themselves support","event64":"Support was given by Player 4 to Player 5 for Player 5 to resist invasion by 1","event65":"1 cannot move to this province, does not have enough support","event66":"Support was given by Player 4 to Player 2 for Player 2 to move to Canis Major","event67":"Support was given by Player 4 to Player 2 for Player 2 to move to Canis Major","event68":"Support was given by Player 1 to Player 5 for Player 5 to resist invasion by 2","event69":"Support was not given by Player 3 to Player 5 for Player 5 to resist invasion by 2","event70":"Support was given by Player 4 to Player 2 for Player 2 to move to Canis Major","event71":"Player 2 owns a bordering province, so gave themselves support","event72":"Player 5 owns a bordering province, so gave themselves support","event73":"Support was given by Player 4 to Player 2 for Player 2 to move to Canis Major",