{"player0":{"player_lst":[],"trustworthiness":0.3306467710520249,"trusting":0.797753665424805,"expansionist":0.5760246570767411,"likelihood_of_alliance":0.5542119530422676,"isolationist":0.4547976753585632,"player_id":0,"player_opinions":{"1":{"player_id":1,"score":1},"2":{"player_id":2,"score":0.037037037037037035},"3":{"player_id":3,"score":0.037037037037037035},"4":{"player_id":4,"score":128}}},"player1":{"player_lst":[],"trustworthiness":0.9490141592450214,"trusting":0.46380357632549307,"expansionist":0.9791929120645158,"likelihood_of_alliance":0.23171826790726446,"isolationist":0.3717568660332826,"player_id":1,"player_opinions":{"0":{"player_id":0,"score":1},"2":{"player_id":2,"score":1},"3":{"player_id":3,"score":1},"4":{"player_id":4,"score":2048}}},"player2":{"player_lst":[],"trustworthiness":0.6412174405349444,"trusting":0.7798904463038341,"expansionist":0.28859808034318024,"likelihood_of_alliance":0.06332667099397415,"isolationist":0.5440748718682196,"player_id":2,"player_opinions":{"0":{"player_id":0,"score":0.012345679012345678},"1":{"player_id":1,"score":2},"3":{"player_id":3,"score":0.1111111111111111},"4":{"player_id":4,"score":128}}},"player3":{"player_lst":[],"trustworthiness":0.2583753882699873,"trusting":0.8087096244187444,"expansionist":0.007634466905813042,"likelihood_of_alliance":0.4340010443285902,"isolationist":0.6817700566728653,"player_id":3,"player_opinions":{"0":{"player_id":0,"score":1},"1":{"player_id":1,"score":1},"2":{"player_id":2,"score":1},"4":{"player_id":4,"score":16}}},"player4":{"player_lst":[],"trustworthiness":0.597307127659779,"trusting":0.2909665685687546,"expansionist":0.6329670476836777,"likelihood_of_alliance":0.17775270620711225,"isolationist":0.37203095141421016,"player_id":4,"player_opinions":{"0":{"player_id":0,"score":256},"1":{"player_id":1,"score":4},"2":{"player_id":2,"score":8},"3":{"player_id":3,"score":8}}},"event0":"Player 5 rejected Player 1 alliance request","event1":"Player 5 rejected Player 2 alliance request","event2":"Player 5 accepted Player 3 alliance request","event3":"Player 5 rejected Player 4 alliance request","event4":"Player 4 accepted Player 5 alliance request","event5":"Player 5 accepted Player 1 alliance request","event6":"Player 5 rejected Player 2 alliance request","event7":"Player 4 rejected Player 3 alliance request","event8":"Player 3 rejected Player 4 alliance request","event9":"Player 2 accepted Player 5 alliance request","event10":"Support was given by Player 5 to Player 1 for Player 1 to move to Sirius","event11":"Player 1 owns a bordering province, so gave themselves support","event12":"Support was given by Player 5 to Player 1 for Player 1 to move to Sirius","event13":"Player 3 owns a bordering province, so gave themselves support","event14":"Player 1 owns a bordering province, so gave themselves support","event15":"Support was given by Player 5 to Player 1 for Player 1 to move to Sirius","event16":"1 successfully moved to this province","event17":"Player 2 owns a bordering province, so gave themselves support","event18":"Support was given by Player 5 to Player 2 for Player 2 to move to Ursa Major","event19":"Player 1 owns a bordering province, so gave themselves support","event20":"Support was given by Player 5 to Player 2 for Player 2 to move to Ursa Major","event21":"Support was given by Player 5 to Player 2 for Player 2 to move to Ursa Major","event22":"Player 1 owns a bordering province, so gave themselves support","event23":"Player 1 owns a bordering province, so gave themselves support","event24":"2 successfully moved to this province","event25":"Support was given by Player 5 to Player 2 for Player 2 to move to Sirius","event26":"Player 1 owns a bordering province, so gave themselves support","event27":"Support was given by Player 5 to Player 2 for Player 2 to move to Sirius","event28":"Player 2 owns a bordering province, so gave themselves support","event29":"Support was given by Player 5 to Player 2 for Player 2 to move to Sirius","event30":"2 successfully moved to this province","event31":"Support was given by Player 5 to Player 3 for Player 3 to move to Sirius","event32":"Support was given by Player 5 to Player 3 for Player 3 to move to Sirius","event33":"Player 3 owns a bordering province, so gave themselves support","event34":"Player 2 owns a bordering province, so gave themselves support","event35":"Support was given by Player 5 to Player 3 for Player 3 to move to Sirius","event36":"3 successfully moved to this province","event37":"Player 2 owns a bordering province, so gave themselves support","event38":"Player 4 owns a bordering province, so gave themselves support","event39":"Support was given by Player 5 to Player 4 for Player 4 to move to Ursa Major","event40":"Support was given by Player 5 to Player 4 for Player 4 to move to Ursa Major","event41":"Support was given by Player 5 to Player 4 for Player 4 to move to Ursa Major","event42":"4 successfully moved to this province","event43":"Support was given by Player 2 to Player 5 for Player 5 to move to Eridanus","event44":"Support was given by Player 4 to Player 5 for Player 5 to move to Eridanus","event45":"Support was given by Player 1 to Player 5 for Player 5 to move to Eridanus","event46":"Support was given by Player 2 to Player 5 for Player 5 to move to Eridanus","event47":"Support was given by Player 4 to Player 5 for Player 5 to move to Eridanus","event48":"Support was given by Player 1 to Player 5 for Player 5 to move to Eridanus","event49":"Player 3 owns a bordering province, so gave themselves support","event50":"Player 3 owns a bordering province, so gave themselves support","event51":"Player 5 owns a bordering province, so gave themselves support","event52":"5 successfully moved to this province","event53":"Support was given by Player 5 to Player 1 for Player 1 to move to Sirius","event54":"Player 1 owns a bordering province, so gave themselves support","event55":"Support was given by Player 5 to Player 1 for Player 1 to move to Sirius","event56":"Support was given by Player 5 to Player 1 for Player 1 to move to Sirius","event57":"Support was given by Player 5 to Player 1 for Player 1 to move to Sirius","event58":"1 successfully moved to this province","event59":"Player 2 owns a bordering province, so gave themselves support","event60":"Support was given by Player 5 to Player 2 for Player 2 to move to Ursa Major","event61":"Player 4 owns a bordering province, so gave themselves support","event62":"Support was given by Player 5 to Player 2 for Player 2 to move to Ursa Major","event63":"Support was given by Player 5 to Player 2 for Player 2 to move to Ursa Major","event64":"Support was given by Player 5 to Player 2 for Player 2 to move to Ursa Major","event65":"2 successfully moved to this province","event66":"Player 2 owns a bordering province, so gave themselves support","event67":"Support was given by Player 5 to Player 3 for Player 3 to move to Saggitarius","event68":"Player 2 owns a bordering province, so gave themselves support","event69":"Support was given by Player 5 to Player 3 for Player 3 to move to Saggitarius","event70":"Support was given by Player 5 to Player 3 for Player 3 to move to Saggitarius","event71":"Player 3 owns a bordering province, so gave themselves support","event72":"Support was given by Player 5 to Player 3 for Player 3 to move to Saggitarius","event73":"Player 2 owns a bordering province, so gave themselves support","event74":"3 successfully moved to this province","event75":"Support was given by Player 3 to Player 5 for Player 5 to move to Ursa Major","event76":"Player 5 owns a bordering province, so gave themselves support","event77":"Support was given by Player 4 to Player 5 for Player 5 to move to Ursa Major","event78":"Player 5 owns a bordering province, so gave themselves support","event79":"Support was given by Player 1 to Player 5 for Player 5 to move to Ursa Major","event80":"Player 5 owns a bordering province, so gave themselves support",