{"player0":{"player_lst":[],"trustworthiness":0.0801837631547031,"trusting":0.6831388821225817,"expansionist":0.13465220858791516,"likelihood_of_alliance":0.3471877372279286,"isolationist":0.20228973464808542,"player_id":0,"player_opinions":{"1":{"player_id":1,"score":16},"2":{"player_id":2,"score":0.8888888888888888},"3":{"player_id":3,"score":8},"4":{"player_id":4,"score":262144}}},"player1":{"player_lst":[],"trustworthiness":0.4840872662484794,"trusting":0.4634473524801097,"expansionist":0.4057930012555928,"likelihood_of_alliance":0.19524885748555554,"isolationist":0.234963585737896,"player_id":1,"player_opinions":{"0":{"player_id":0,"score":8},"2":{"player_id":2,"score":1},"3":{"player_id":3,"score":0.024691358024691357},"4":{"player_id":4,"score":128}}},"player2":{"player_lst":[],"trustworthiness":0.07608427044580623,"trusting":0.34538632222389976,"expansionist":0.3903745603725859,"likelihood_of_alliance":0.07229103568008943,"isolationist":0.5761650661325564,"player_id":2,"player_opinions":{"0":{"player_id":0,"score":0.0013717421124828531},"1":{"player_id":1,"score":0.14814814814814814},"3":{"player_id":3,"score":0.00001693508780843029},"4":{"player_id":4,"score":0.0054869684499314125}}},"player3":{"player_lst":[],"trustworthiness":0.38409529797074904,"trusting":0.5906216381574598,"expansionist":0.30995568365290826,"likelihood_of_alliance":0.6085752563672109,"isolationist":0.09608421290297997,"player_id":3,"player_opinions":{"0":{"player_id":0,"score":2},"1":{"player_id":1,"score":1},"2":{"player_id":2,"score":0.024691358024691357},"4":{"player_id":4,"score":16384}}},"player4":{"player_lst":[],"trustworthiness":0.8157782943562073,"trusting":0.3614334560854928,"expansionist":0.12415106016877475,"likelihood_of_alliance":0.7987707328041345,"isolationist":0.9406657384159982,"player_id":4,"player_opinions":{"0":{"player_id":0,"score":2},"1":{"player_id":1,"score":32},"2":{"player_id":2,"score":0.2222222222222222},"3":{"player_id":3,"score":128}}},"event0":"Player 5 accepted Player 1 alliance request","event1":"Player 5 rejected Player 2 alliance request","event2":"Player 5 accepted Player 3 alliance request","event3":"Player 5 accepted Player 4 alliance request","event4":"Player 2 accepted Player 5 alliance request","event5":"Player 4 accepted Player 1 alliance request","event6":"Player 4 rejected Player 2 alliance request","event7":"Player 4 accepted Player 3 alliance request","event8":"Player 2 rejected Player 4 alliance request","event9":"Support was given by Player 4 to Player 1 for Player 1 to move to Local Group","event10":"Player 1 owns a bordering province, so gave themselves support","event11":"Support was given by Player 4 to Player 1 for Player 1 to move to Local Group","event12":"Support was given by Player 5 to Player 1 for Player 1 to move to Local Group","event13":"Player 3 owns a bordering province, so gave themselves support","event14":"Player 1 owns a bordering province, so gave themselves support","event15":"Support was given by Player 5 to Player 1 for Player 1 to move to Local Group","event16":"Player 3 owns a bordering province, so gave themselves support","event17":"1 successfully moved to this province","event18":"Player 4 owns a bordering province, so gave themselves support","event19":"Player 1 owns a bordering province, so gave themselves support","event20":"Player 1 owns a bordering province, so gave themselves support","event21":"Support was not given by Player 3 to Player 4 for Player 4 to resist invasion by 1","event22":"Support was given by Player 5 to Player 1 for Player 1 to move to Cepheus","event23":"Support was not given by Player 3 to Player 4 for Player 4 to resist invasion by 1","event24":"Player 1 owns a bordering province, so gave themselves support","event25":"Player 4 owns a bordering province, so gave themselves support","event26":"1 successfully moved to this province","event27":"Support was not given by Player 4 to Player 3 for Player 3 to resist invasion by 2","event28":"Player 2 owns a bordering province, so gave themselves support","event29":"Support was given by Player 5 to Player 2 for Player 2 to move to Canis Minor","event30":"Support was not given by Player 4 to Player 3 for Player 3 to resist invasion by 2","event31":"Support was given by Player 5 to Player 2 for Player 2 to move to Canis Minor","event32":"2 successfully moved to this province","event33":"Support was not given by Player 4 to Player 3 for Player 3 to move to Local Group","event34":"Support was not given by Player 4 to Player 1 for Player 1 to resist invasion by 3","event35":"Player 1 owns a bordering province, so gave themselves support","event36":"Player 1 owns a bordering province, so gave themselves support","event37":"Support was given by Player 5 to Player 3 for Player 3 to move to Local Group","event38":"Player 3 owns a bordering province, so gave themselves support","event39":"Player 1 owns a bordering province, so gave themselves support","event40":"Support was given by Player 5 to Player 3 for Player 3 to move to Local Group","event41":"3 cannot move to this province, does not have enough support","event42":"Player 4 owns a bordering province, so gave themselves support","event43":"Player 1 owns a bordering province, so gave themselves support","event44":"Player 1 owns a bordering province, so gave themselves support","event45":"Support was given by Player 5 to Player 4 for Player 4 to move to Local Group","event46":"Support was not given by Player 3 to Player 4 for Player 4 to move to Local Group","event47":"Player 1 owns a bordering province, so gave themselves support","event48":"Support was given by Player 5 to Player 4 for Player 4 to move to Local Group","event49":"4 cannot move to this province, does not have enough support","event50":"Support was given by Player 4 to Player 5 for Player 5 to move to Cepheus","event51":"Player 1 owns a bordering province, so gave themselves support","event52":"Support was given by Player 2 to Player 5 for Player 5 to move to Cepheus","event53":"Player 1 owns a bordering province, so gave themselves support","event54":"Support was not given by Player 3 to Player 5 for Player 5 to move to Cepheus","event55":"Player 5 owns a bordering province, so gave themselves support","event56":"Support was given by Player 2 to Player 5 for Player 5 to move to Cepheus","event57":"Player 1 owns a bordering province, so gave themselves support","event58":"Support was given by Player 4 to Player 5 for Player 5 to move to Cepheus","event59":"Support was given by Player 2 to Player 5 for Player 5 to move to Cepheus","event60":"5 successfully moved to this province","event61":"Player 5 owns a bordering province, so gave themselves support","event62":"Player 5 owns a bordering province, so gave themselves support","event63":"Support was given by Player 2 to Player 5 for Player 5 to resist invasion by 1","event64":"Support was given by Player 2 to Player 5 for Player 5 to resist invasion by 1","event65":"Player 1 owns a bordering province, so gave themselves support","event66":"Support was given by Player 2 to Player 5 for Player 5 to resist invasion by 1","event67":"Support was given by Player 4 to Player 1 for Player 1 to move to Canis Major","event68":"Player 1 owns a bordering province, so gave themselves support","event69":"Support was given by Player 2 to Player 5 for Player 5 to resist invasion by 1","event70":"1 cannot move to this province, does not have enough support","event71":"Player 5 owns a bordering province, so gave themselves support","event72":"Player 5 owns a bordering province, so gave themselves support","event73":"Player 2 owns a bordering province, so gave themselves support","event74":"Player 2 owns a bordering province, so gave themselves support","event75":"Support was given by Player 1 to Player 5 for Player 5 to resist invasion by 2","event76":"Player 2 owns a bordering province, so gave themselves support",